timestamp,count,delta,pos1x,pos1y,pos1z,pos2x,pos2y,pos2z,movementType,indexedLabel,velocity,velocity_0,velocity_1,velocity_2,V_t-1,acceleration,acceleration_0,acceleration_1,acceleration_2,x,y,z
2020-06-17 00:00:00.000000000,171.58,0.020003999999999997,-0.0841514,0.0903135,-0.6859154,-0.0841543,0.09032,-0.6859063000000001,Idle,0,"[0.0001449710057988465, -0.0003249350129970318, -0.00045490901819001696]",0.0001449710057988465,-0.0003249350129970318,-0.00045490901819001696,"[0.0001449710057988465, -0.0003249350129970318, -0.00045490901819001696]","[0.0, 0.0, 0.0]",0.0,0.0,0.0,0.0,0.0,0.0
2020-06-17 00:00:00.033422818,171.6,0.019989,-0.0841414,0.09030040000000002,-0.6859176,-0.0841514,0.0903135,-0.6859154,Idle,0,"[0.0005002751513330393, -0.0006553604482459414, -0.00011006053329647618]",0.0005002751513330393,-0.0006553604482459414,-0.00011006053329647618,"[0.0001449710057988465, -0.0003249350129970318, -0.00045490901819001696]","[0.01777498351764435, -0.016530363462349772, 0.017251912796715233]",0.01777498351764435,-0.016530363462349772,0.017251912796715233,0.01777498351764435,-0.016530363462349772,0.017251912796715233
2020-06-17 00:00:00.066845637,171.62,0.020003999999999997,-0.08412370000000001,0.0902878,-0.6859285,-0.0841414,0.09030040000000002,-0.6859176,Idle,0,"[0.0008848230353926964, -0.0006298740251957297, -0.0005448910217974347]",0.0008848230353926964,-0.0006298740251957297,-0.0005448910217974347,"[0.0005002751513330393, -0.0006553604482459414, -0.00011006053329647618]","[0.019223549493084243, 0.0012740663392427334, -0.021737176989649998]",0.019223549493084243,0.0012740663392427334,-0.021737176989649998,0.019223549493084243,0.0012740663392427334,-0.021737176989649998
2020-06-17 00:00:00.100268456,171.64,0.020003999999999997,-0.0841074,0.0902768,-0.6859375,-0.08412370000000001,0.0902878,-0.6859285,Idle,0,"[0.0008148370325940189, -0.0005498900219954571, -0.0004499100179926882]",0.0008148370325940189,-0.0005498900219954571,-0.0004499100179926882,"[0.0008848230353926964, -0.0006298740251957297, -0.0005448910217974347]","[-0.00349860041984991, 0.003998400479917646, 0.004748100570123298]",-0.00349860041984991,0.003998400479917646,0.004748100570123298,-0.00349860041984991,0.003998400479917646,0.004748100570123298
2020-06-17 00:00:00.133691275,171.66,0.020003999999999997,-0.08409409999999999,0.0902676,-0.6859352999999999,-0.0841074,0.0902768,-0.6859375,Idle,0,"[0.0006648670265950686, -0.0004599080183963645, 0.00010997800440228268]",0.0006648670265950686,-0.0004599080183963645,0.00010997800440228268,"[0.0008148370325940189, -0.0005498900219954571, -0.0004499100179926882]","[-0.007497000899767562, 0.004498200539846664, 0.027988803359076733]",-0.007497000899767562,0.004498200539846664,0.027988803359076733,-0.007497000899767562,0.004498200539846664,0.027988803359076733
2020-06-17 00:00:00.167114093,171.68,0.019989,-0.0840822,0.090257,-0.6859246000000001,-0.08409409999999999,0.0902676,-0.6859352999999999,Idle,0,"[0.0005953274300863099, -0.0005302916604132022, 0.0005352944119169586]",0.0005953274300863099,-0.0005302916604132022,0.0005352944119169586,"[0.0006648670265950686, -0.0004599080183963645, 0.00010997800440228268]","[-0.003478893216707124, -0.003521118716135761, 0.021277523013391163]",-0.003478893216707124,-0.003521118716135761,0.021277523013391163,-0.003478893216707124,-0.003521118716135761,0.021277523013391163
2020-06-17 00:00:00.200536912,171.7,0.020003999999999997,-0.08407110000000001,0.0902454,-0.6859072,-0.0840822,0.090257,-0.6859246000000001,Idle,0,"[0.0005548890221948672, -0.000579884023195386, 0.0008698260347958539]",0.0005548890221948672,-0.000579884023195386,0.0008698260347958539,"[0.0005953274300863099, -0.0005302916604132022, 0.0005352944119169586]","[-0.002021516091353864, -0.002479122314646258, 0.016723236496645436]",-0.002021516091353864,-0.002479122314646258,0.016723236496645436,-0.002021516091353864,-0.002479122314646258,0.016723236496645436
2020-06-17 00:00:00.233959731,171.72,0.020003999999999997,-0.0840878,0.09024950000000001,-0.6859080000000001,-0.08407110000000001,0.0902454,-0.6859072,Idle,0,"[-0.0008348330333930464, 0.00020495900819870409, -3.9992001600830063e-05]",-0.0008348330333930464,0.00020495900819870409,-3.9992001600830063e-05,"[0.0005548890221948672, -0.000579884023195386, 0.0008698260347958539]","[-0.06947220833772814, 0.039234304708762754, -0.045481805458742454]",-0.06947220833772814,0.039234304708762754,-0.045481805458742454,-0.06947220833772814,0.039234304708762754,-0.045481805458742454
2020-06-17 00:00:00.267382550,171.74,0.019989,-0.0841061,0.090255,-0.68591,-0.0840878,0.09024950000000001,-0.6859080000000001,Idle,0,"[-0.0009155035269397605, 0.00027515133323285923, -0.00010005503026396964]",-0.0009155035269397605,0.00027515133323285923,-0.00010005503026396964,"[-0.0008348330333930464, 0.00020495900819870409, -3.9992001600830063e-05]","[-0.004035744336720905, 0.0035115476028893464, -0.0030048040753984477]",-0.004035744336720905,0.0035115476028893464,-0.0030048040753984477,-0.004035744336720905,0.0035115476028893464,-0.0030048040753984477
2020-06-17 00:00:00.300805369,171.76,0.020003999999999997,-0.0840971,0.0902483,-0.685905,-0.0841061,0.090255,-0.68591,Idle,0,"[0.00044991001799685073, -0.0003349330133972393, 0.0002499500099996379]",0.00044991001799685073,-0.0003349330133972393,0.0002499500099996379,"[-0.0009155035269397605, 0.00027515133323285923, -0.00010005503026396964]","[0.06825702584166224, -0.03049811770796334, 0.01749675266264785]",0.06825702584166224,-0.03049811770796334,0.01749675266264785,0.06825702584166224,-0.03049811770796334,0.01749675266264785
2020-06-17 00:00:00.334228187,171.78,0.020003999999999997,-0.08408790000000001,0.0902408,-0.6858981,-0.0840971,0.0902483,-0.685905,Idle,0,"[0.00045990801839567076, -0.0003749250149973756, 0.0003449310137988343]",0.00045990801839567076,-0.0003749250149973756,0.0003449310137988343,"[0.00044991001799685073, -0.0003349330133972393, 0.0002499500099996379]","[0.0004998000599290154, -0.001999200239958823, 0.00474810056984585]",0.0004998000599290154,-0.001999200239958823,0.00474810056984585,0.0004998000599290154,-0.001999200239958823,0.00474810056984585
2020-06-17 00:00:00.367651006,171.8,0.020003999999999997,-0.0840787,0.0902327,-0.6858894,-0.08408790000000001,0.0902408,-0.6858981,Idle,0,"[0.0004599080183963645, -0.0004049190161966107, 0.00043491301739515193]",0.0004599080183963645,-0.0004049190161966107,0.00043491301739515193,"[0.00045990801839567076, -0.0003749250149973756, 0.0003449310137988343]","[3.467940212281794e-14, -0.0014994001799257693, 0.004498200539707941]",3.467940212281794e-14,-0.0014994001799257693,0.004498200539707941,3.467940212281794e-14,-0.0014994001799257693,0.004498200539707941
2020-06-17 00:00:00.401073825,171.82,0.019989,-0.0840764,0.09023010000000001,-0.6858928,-0.0840787,0.0902327,-0.6858894,Idle,0,"[0.00011506328480717529, -0.0001300715393462153, -0.0001700935514526363]",0.00011506328480717529,-0.0001300715393462153,-0.0001700935514526363,"[0.0004599080183963645, -0.0004049190161966107, 0.00043491301739515193]","[-0.017251725128280014, 0.013749936307488888, -0.03026697527879275]",-0.017251725128280014,0.013749936307488888,-0.03026697527879275,-0.017251725128280014,0.013749936307488888,-0.03026697527879275
2020-06-17 00:00:00.434496644,171.84,0.020003999999999997,-0.0840722,0.0902265,-0.6858947,-0.0840764,0.09023010000000001,-0.6858928,Idle,0,"[0.0002099580083981141, -0.00017996400719887904, -9.498100379919641e-05]",0.0002099580083981141,-0.00017996400719887904,-9.498100379919641e-05,"[0.00011506328480717529, -0.0001300715393462153, -0.0001700935514526363]","[0.004743787422062528, -0.002494124567719643, 0.0037548764073905175]",0.004743787422062528,-0.002494124567719643,0.0037548764073905175,0.004743787422062528,-0.002494124567719643,0.0037548764073905175
2020-06-17 00:00:00.467919463,171.86,0.020003999999999997,-0.084059,0.09021660000000001,-0.6858877999999999,-0.0840722,0.0902265,-0.6858947,Idle,0,"[0.0006598680263949649, -0.0004949010197957033, 0.0003449310137988343]",0.0006598680263949649,-0.0004949010197957033,0.0003449310137988343,"[0.0002099580083981141, -0.00017996400719887904, -9.498100379919641e-05]","[0.022491002699302678, -0.015743701889463325, 0.021991202639373663]",0.022491002699302678,-0.015743701889463325,0.021991202639373663,0.022491002699302678,-0.015743701889463325,0.021991202639373663
2020-06-17 00:00:00.501342281,171.88,0.019989,-0.08046539999999999,0.0914415,-0.6868057000000001,-0.084059,0.09021660000000001,-0.6858877999999999,Fall,1,"[0.17977887838311082, 0.0612787032868071, -0.04592025614088439]",0.17977887838311082,0.0612787032868071,-0.04592025614088439,"[0.0006598680263949649, -0.0004949010197957033, 0.0003449310137988343]","[8.9608790012865, 3.090379924288499, -2.314532350526951]",8.9608790012865,3.090379924288499,-2.314532350526951,8.9608790012865,3.090379924288499,-2.314532350526951
2020-06-17 00:00:00.534765100,171.9,0.020003999999999997,-0.08237180000000001,0.09378040000000001,-0.6854402,-0.08046539999999999,0.0914415,-0.6868057000000001,After_fall,2,"[-0.09530093981203842, 0.11692161567686558, 0.06826134773045489]",-0.09530093981203842,0.11692161567686558,0.06826134773045489,"[0.17977887838311082, 0.0612787032868071, -0.04592025614088439]","[-13.75124066162514, 2.781589301642596, 5.707938605845795]",-13.75124066162514,2.781589301642596,5.707938605845795,-13.75124066162514,2.781589301642596,5.707938605845795
2020-06-17 00:00:00.568187919,171.92,0.020003999999999997,-0.0840739,0.09792379999999999,-0.6843896,-0.08237180000000001,0.09378040000000001,-0.6854402,After_fall,2,"[-0.08508798240351852, 0.2071285742851419, 0.05251949610078048]",-0.08508798240351852,0.2071285742851419,0.05251949610078048,"[-0.09530093981203842, 0.11692161567686558, 0.06826134773045489]","[0.5105457612737406, 4.509446041205575, -0.7869351944448317]",0.5105457612737406,4.509446041205575,-0.7869351944448317,0.5105457612737406,4.509446041205575,-0.7869351944448317
2020-06-17 00:00:00.601610738,171.94,0.020003999999999997,-0.08329040000000001,0.09611040000000001,-0.6849402,-0.0840739,0.09792379999999999,-0.6843896,After_fall,2,"[0.0391671665666856, -0.09065186962607374, -0.027524495100977642]",0.0391671665666856,-0.09065186962607374,-0.027524495100977642,"[-0.08508798240351852, 0.2071285742851419, 0.05251949610078048]","[6.211515145481111, -14.88604498656347, -4.00139928023186]",6.211515145481111,-14.88604498656347,-4.00139928023186,6.211515145481111,-14.88604498656347,-4.00139928023186
2020-06-17 00:00:00.635033557,171.96,0.019989,-0.0850575,0.0951385,-0.6832128,-0.08329040000000001,0.09611040000000001,-0.6849402,After_fall,2,"[-0.08840362199209464, -0.04862174195807752, 0.086417529641305]",-0.08840362199209464,-0.04862174195807752,0.086417529641305,"[0.0391671665666856, -0.09065186962607374, -0.027524495100977642]","[-6.382049555194369, 2.1026628479661924, 5.700236367116046]",-6.382049555194369,2.1026628479661924,5.700236367116046,-6.382049555194369,2.1026628479661924,5.700236367116046
2020-06-17 00:00:00.668456375,171.98,0.020003999999999997,-0.0873878,0.09445309999999998,-0.6807869999999999,-0.0850575,0.0951385,-0.6832128,After_fall,2,"[-0.11649170165966845, -0.03426314737052673, 0.12126574685063156]",-0.11649170165966845,-0.03426314737052673,0.12126574685063156,"[-0.08840362199209464, -0.04862174195807752, 0.086417529641305]","[-1.404123158746941, 0.7177861721431112, 1.7420624479767328]",-1.404123158746941,0.7177861721431112,1.7420624479767328,-1.404123158746941,0.7177861721431112,1.7420624479767328
2020-06-17 00:00:00.701879194,172.0,0.020003999999999997,-0.0897973,0.0917959,-0.6813958999999999,-0.0873878,0.09445309999999998,-0.6807869999999999,After_fall,2,"[-0.12045090981803616, -0.13283343331333658, -0.030438912217557658]",-0.12045090981803616,-0.13283343331333658,-0.030438912217557658,"[-0.11649170165966845, -0.03426314737052673, 0.12126574685063156]","[-0.19792082375363498, -4.927528791382216, -7.583716210167428]",-0.19792082375363498,-4.927528791382216,-7.583716210167428,-0.19792082375363498,-4.927528791382216,-7.583716210167428
2020-06-17 00:00:00.735302013,172.02,0.019989,-0.0922961,0.09028620000000001,-0.6814129,-0.0897973,0.0917959,-0.6813958999999999,After_fall,2,"[-0.1250087548151488, -0.07552653959677767, -0.0008504677572687357]",-0.1250087548151488,-0.07552653959677767,-0.0008504677572687357,"[-0.12045090981803616, -0.13283343331333658, -0.030438912217557658]","[-0.228017659568395, 2.866921492648902, 1.480236353008601]",-0.228017659568395,2.866921492648902,1.480236353008601,-0.228017659568395,2.866921492648902,1.480236353008601
2020-06-17 00:00:00.768724832,172.04,0.020003999999999997,-0.0953409,0.0894385,-0.6818922,-0.0922961,0.09028620000000001,-0.6814129,After_fall,2,"[-0.15220955808838235, -0.042376524695061334, -0.023960207958406338]",-0.15220955808838235,-0.042376524695061334,-0.023960207958406338,"[-0.1250087548151488, -0.07552653959677767, -0.0008504677572687357]","[-1.3597682100196733, 1.6571693112235724, -1.1552559588651072]",-1.3597682100196733,1.6571693112235724,-1.1552559588651072,-1.3597682100196733,1.6571693112235724,-1.1552559588651072
2020-06-17 00:00:00.802147651,172.06,0.020003999999999997,-0.0978319,0.0883632,-0.6820351,-0.0953409,0.0894385,-0.6818922,After_fall,2,"[-0.12452509498100348, -0.05375424915017003, -0.007143571285745695]",-0.12452509498100348,-0.05375424915017003,-0.007143571285745695,"[-0.15220955808838235, -0.042376524695061334, -0.023960207958406338]","[1.3839463660957247, -0.5687724682617827, 0.8406637008928536]",1.3839463660957247,-0.5687724682617827,0.8406637008928536,1.3839463660957247,-0.5687724682617827,0.8406637008928536
2020-06-17 00:00:00.835570469,172.08,0.020003999999999997,-0.0997182,0.08767520000000001,-0.6822882000000001,-0.0978319,0.0883632,-0.6820351,After_fall,2,"[-0.09429614077184602, -0.03439312137572457, -0.012652469506104637]",-0.09429614077184602,-0.03439312137572457,-0.012652469506104637,"[-0.12452509498100348, -0.05375424915017003, -0.007143571285745695]","[1.5111454813616008, 0.9678628161590416, -0.27538983305133685]",1.5111454813616008,0.9678628161590416,-0.27538983305133685,1.5111454813616008,0.9678628161590416,-0.27538983305133685
2020-06-17 00:00:00.868993288,172.1,0.019989,-0.10185280000000001,0.08993870000000001,-0.6810921999999999,-0.0997182,0.08767520000000001,-0.6822882000000001,After_fall,2,"[-0.106788733803592, 0.11323728050427743, 0.05983290809946455]",-0.106788733803592,0.11323728050427743,0.05983290809946455,"[-0.09429614077184602, -0.03439312137572457, -0.012652469506104637]","[-0.6249733869501214, 7.385582164190406, 3.626263325107269]",-0.6249733869501214,7.385582164190406,3.626263325107269,-0.6249733869501214,7.385582164190406,3.626263325107269
2020-06-17 00:00:00.902416107,172.12,0.020003999999999997,-0.10256000000000001,0.08494520000000001,-0.6816698,-0.10185280000000001,0.08993870000000001,-0.6810921999999999,After_fall,2,"[-0.03535292941411743, -0.24962507498500291, -0.028874225154972358]",-0.03535292941411743,-0.24962507498500291,-0.028874225154972358,"[-0.106788733803592, 0.11323728050427743, 0.05983290809946455]","[3.5710760042728737, -18.139489876488724, -4.434469768768093]",3.5710760042728737,-18.139489876488724,-4.434469768768093,3.5710760042728737,-18.139489876488724,-4.434469768768093
2020-06-17 00:00:00.935838926,172.14,0.020003999999999997,-0.10391500000000001,0.08277870000000001,-0.6818046000000001,-0.10256000000000001,0.08494520000000001,-0.6816698,After_fall,2,"[-0.06773645270945787, -0.10830333933213368, -0.006738652269551166]",-0.06773645270945787,-0.10830333933213368,-0.006738652269551166,"[-0.03535292941411743, -0.24962507498500291, -0.028874225154972358]","[-1.6188523942881645, 7.0646738478738875, 1.1065573328044989]",-1.6188523942881645,7.0646738478738875,1.1065573328044989,-1.6188523942881645,7.0646738478738875,1.1065573328044989
2020-06-17 00:00:00.969261744,172.16,0.020003999999999997,-0.1047525,0.0804474,-0.6822632000000001,-0.10391500000000001,0.08277870000000001,-0.6818046000000001,After_fall,2,"[-0.04186662667466463, -0.1165416916616681, -0.022925414917015385]",-0.04186662667466463,-0.1165416916616681,-0.022925414917015385,"[-0.06773645270945787, -0.10830333933213368, -0.006738652269551166]","[1.2932326552086206, -0.4118352494268356, -0.8091762971137885]",1.2932326552086206,-0.4118352494268356,-0.8091762971137885,1.2932326552086206,-0.4118352494268356,-0.8091762971137885
2020-06-17 00:00:01.002684563,172.18,0.019989,-0.1029807,0.0768262,-0.685997,-0.1047525,0.0804474,-0.6822632000000001,After_fall,2,"[0.08863875131322246, -0.1811596378007907, -0.18679273600479757]",0.08863875131322246,-0.1811596378007907,-0.18679273600479757,"[-0.04186662667466463, -0.1165416916616681, -0.022925414917015385]","[6.528859772269103, -3.2326752783592276, -8.197874885576176]",6.528859772269103,-3.2326752783592276,-8.197874885576176,6.528859772269103,-3.2326752783592276,-8.197874885576176
2020-06-17 00:00:01.036107382,172.2,0.020003999999999997,-0.10240020000000001,0.0759778,-0.6850812,-0.1029807,0.0768262,-0.685997,After_fall,2,"[0.02901919616076704, -0.04241151769646067, 0.04578084383123487]",0.02901919616076704,-0.04241151769646067,0.04578084383123487,"[0.08863875131322246, -0.1811596378007907, -0.18679273600479757]","[-2.9803816812865143, 6.9360188014562105, 11.626353721057413]",-2.9803816812865143,6.9360188014562105,11.626353721057413,-2.9803816812865143,6.9360188014562105,11.626353721057413
2020-06-17 00:00:01.069530201,172.22,0.020003999999999997,-0.0977742,0.0732333,-0.6869989999999999,-0.10240020000000001,0.0759778,-0.6850812,After_fall,2,"[0.23125374925015024, -0.13719756048790227, -0.09587082583483152]",0.23125374925015024,-0.13719756048790227,-0.09587082583483152,"[0.02901919616076704, -0.04241151769646067, 0.04578084383123487]","[10.109705713326496, -4.738354468678344, -7.081167249853349]",10.109705713326496,-4.738354468678344,-7.081167249853349,10.109705713326496,-4.738354468678344,-7.081167249853349
2020-06-17 00:00:01.102953020,172.24,0.019989,-0.0936125,0.0730309,-0.6865794999999999,-0.0977742,0.0732333,-0.6869989999999999,After_fall,2,"[0.20819950973035192, -0.01012556906298491, 0.02098654259842999]",0.20819950973035192,-0.01012556906298491,0.02098654259842999,"[0.23125374925015024, -0.13719756048790227, -0.09587082583483152]","[-1.1533463164639712, 6.357095974031586, 5.84608376773533]",-1.1533463164639712,6.357095974031586,5.84608376773533,-1.1533463164639712,6.357095974031586,5.84608376773533
2020-06-17 00:00:01.136375838,172.26,0.020003999999999997,-0.0894154,0.0720849,-0.6858683999999999,-0.0936125,0.0730309,-0.6865794999999999,After_fall,2,"[0.20981303739252127, -0.0472905418916218, 0.03554789042191385]",0.20981303739252127,-0.0472905418916218,0.03554789042191385,"[0.20819950973035192, -0.01012556906298491, 0.02098654259842999]","[0.08066025105825589, -1.8578770660186412, 0.7279218068128305]",0.08066025105825589,-1.8578770660186412,0.7279218068128305,0.08066025105825589,-1.8578770660186412,0.7279218068128305
2020-06-17 00:00:01.169798657,172.28,0.020003999999999997,-0.08623149999999999,0.071058,-0.6832912,-0.0894154,0.0720849,-0.6858683999999999,After_fall,2,"[0.15916316736652758, -0.05133473305338919, 0.12883423315336665]",0.15916316736652758,-0.05133473305338919,0.12883423315336665,"[0.20981303739252127, -0.0472905418916218, 0.03554789042191385]","[-2.531987103878909, -0.20216912426351666, 4.663384459680704]",-2.531987103878909,-0.20216912426351666,4.663384459680704,-2.531987103878909,-0.20216912426351666,4.663384459680704
2020-06-17 00:00:01.203221476,172.3,0.020003999999999997,-0.08404350000000001,0.07163359999999999,-0.6846673,-0.08623149999999999,0.071058,-0.6832912,After_fall,2,"[0.10937812437512406, 0.028774245150969588, -0.06879124175164925]",0.10937812437512406,0.028774245150969588,-0.06879124175164925,"[0.15916316736652758, -0.05133473305338919, 0.12883423315336665]","[-2.488754398690438, 4.004647980621815, -9.879297885673662]",-2.488754398690438,4.004647980621815,-9.879297885673662,-2.488754398690438,4.004647980621815,-9.879297885673662
2020-06-17 00:00:01.236644295,172.32,0.019989,-0.0844932,0.0691596,-0.6810944999999999,-0.08404350000000001,0.07163359999999999,-0.6846673,After_fall,2,"[-0.022497373555455367, -0.12376807243984142, 0.1787383060683397]",-0.022497373555455367,-0.12376807243984142,0.1787383060683397,"[0.10937812437512406, 0.028774245150969588, -0.06879124175164925]","[-6.597403468436611, -7.63131310174651, 12.383288199509177]",-6.597403468436611,-7.63131310174651,12.383288199509177,-6.597403468436611,-7.63131310174651,12.383288199509177
2020-06-17 00:00:01.270067114,172.34,0.020003999999999997,-0.0845856,0.0661165,-0.681508,-0.0844932,0.0691596,-0.6810944999999999,After_fall,2,"[-0.004619076184762673, -0.15212457508498337, -0.020670865826837966]",-0.004619076184762673,-0.15212457508498337,-0.020670865826837966,"[-0.022497373555455367, -0.12376807243984142, 0.1787383060683397]","[0.8937361213103727, -1.417541623932311, -9.96846490177853]",0.8937361213103727,-1.417541623932311,-9.96846490177853,0.8937361213103727,-1.417541623932311,-9.96846490177853
2020-06-17 00:00:01.303489932,172.36,0.020003999999999997,-0.0851818,0.0628863,-0.6765263,-0.0845856,0.0661165,-0.681508,After_fall,2,"[-0.029804039192161826, -0.16147770445910764, 0.24903519296140664]",-0.029804039192161826,-0.16147770445910764,0.24903519296140664,"[-0.004619076184762673, -0.15212457508498337, -0.020670865826837966]","[-1.2589963510997377, -0.4675629561149908, 13.482606418128606]",-1.2589963510997377,-0.4675629561149908,13.482606418128606,-1.2589963510997377,-0.4675629561149908,13.482606418128606
2020-06-17 00:00:01.336912751,172.38,0.019989,-0.08518690000000001,0.06049859999999999,-0.6752714999999999,-0.0851818,0.0628863,-0.6765263,After_fall,2,"[-0.000255140327180343, -0.11945069788383678, 0.06277452598929968]",-0.000255140327180343,-0.11945069788383678,0.06277452598929968,"[-0.029804039192161826, -0.16147770445910764, 0.24903519296140664]","[1.4782579851409017, 2.1025067074526422, -9.318158335689978]",1.4782579851409017,2.1025067074526422,-9.318158335689978,1.4782579851409017,2.1025067074526422,-9.318158335689978
2020-06-17 00:00:01.370335570,172.4,0.020003999999999997,-0.08549399999999999,0.0581955,-0.6702135,-0.08518690000000001,0.06049859999999999,-0.6752714999999999,After_fall,2,"[-0.015351929614076028, -0.11513197360527873, 0.25284943011397204]",-0.015351929614076028,-0.11513197360527873,0.25284943011397204,"[-0.000255140327180343, -0.11945069788383678, 0.06277452598929968]","[-0.7546885266394565, 0.21589303532083823, 9.501844837266166]",-0.7546885266394565,0.21589303532083823,9.501844837266166,-0.7546885266394565,0.21589303532083823,9.501844837266166
2020-06-17 00:00:01.403758389,172.42,0.020003999999999997,-0.0858598,0.057076,-0.6685511,-0.08549399999999999,0.0581955,-0.6702135,After_fall,2,"[-0.018286342731454377, -0.05596380723855207, 0.08310337932413837]",-0.018286342731454377,-0.05596380723855207,0.08310337932413837,"[-0.015351929614076028, -0.11513197360527873, 0.25284943011397204]","[-0.14669131760539636, 2.9578167549853362, -8.485605418408003]",-0.14669131760539636,2.9578167549853362,-8.485605418408003,-0.14669131760539636,2.9578167549853362,-8.485605418408003
2020-06-17 00:00:01.437181208,172.44,0.020003999999999997,-0.0873561,0.055504300000000006,-0.6637141000000001,-0.0858598,0.057076,-0.6685511,After_fall,2,"[-0.07480003999200191, -0.07856928614277123, 0.2418016396720591]",-0.07480003999200191,-0.07856928614277123,0.2418016396720591,"[-0.018286342731454377, -0.05596380723855207, 0.08310337932413837]","[-2.825119839059565, -1.130047935623833, 7.933326352125612]",-2.825119839059565,-1.130047935623833,7.933326352125612,-2.825119839059565,-1.130047935623833,7.933326352125612
2020-06-17 00:00:01.470604026,172.46,0.019989,-0.0882569,0.0537912,-0.6620671,-0.0873561,0.055504300000000006,-0.6637141000000001,After_fall,2,"[-0.045064785632097315, -0.08570213617489665, 0.08239531742458678]",-0.045064785632097315,-0.08570213617489665,0.08239531742458678,"[-0.07480003999200191, -0.07856928614277123, 0.2418016396720591]","[1.4875808874833456, -0.3568387629258804, -7.974702198582836]",1.4875808874833456,-0.3568387629258804,-7.974702198582836,1.4875808874833456,-0.3568387629258804,-7.974702198582836
2020-06-17 00:00:01.504026845,172.48,0.020003999999999997,-0.089789,0.0513844,-0.6575616,-0.0882569,0.0537912,-0.6620671,After_fall,2,"[-0.07658968206358702, -0.12031593681263751, 0.22522995400920073]",-0.07658968206358702,-0.12031593681263751,0.22522995400920073,"[-0.045064785632097315, -0.08570213617489665, 0.08239531742458678]","[-1.5759296356473558, -1.7303439630944244, 7.140303768477003]",-1.5759296356473558,-1.7303439630944244,7.140303768477003,-1.5759296356473558,-1.7303439630944244,7.140303768477003
2020-06-17 00:00:01.537449664,172.5,0.020003999999999997,-0.09113629999999999,0.0493728,-0.65697,-0.089789,0.0513844,-0.6575616,After_fall,2,"[-0.06735152969406098, -0.1005598880223953, 0.029574085182959134]",-0.06735152969406098,-0.1005598880223953,0.029574085182959134,"[-0.07658968206358702, -0.12031593681263751, 0.22522995400920073]","[0.46181525542521673, 0.9876049185284053, -9.780837273857308]",0.46181525542521673,0.9876049185284053,-9.780837273857308,0.46181525542521673,0.9876049185284053,-9.780837273857308
2020-06-17 00:00:01.570872483,172.52,0.019989,-0.0925318,0.046559300000000005,-0.6520901,-0.09113629999999999,0.0493728,-0.65697,After_fall,2,"[-0.0698133973685531, -0.140752413827605, 0.24412927109910693]",-0.0698133973685531,-0.140752413827605,0.24412927109910693,"[-0.06735152969406098, -0.1005598880223953, 0.029574085182959134]","[-0.12316112234189411, -2.0107321929666173, 10.733662810353085]",-0.12316112234189411,-2.0107321929666173,10.733662810353085,-0.12316112234189411,-2.0107321929666173,10.733662810353085
2020-06-17 00:00:01.604295302,172.54,0.020003999999999997,-0.0934924,0.0457533,-0.6501055,-0.0925318,0.046559300000000005,-0.6520901,After_fall,2,"[-0.04802039592081614, -0.040291941611678074, 0.09921015796840649]",-0.04802039592081614,-0.040291941611678074,0.09921015796840649,"[-0.0698133973685531, -0.140752413827605, 0.24412927109910693]","[1.0894321859496585, 5.0220192069549565, -7.244506755183986]",1.0894321859496585,5.0220192069549565,-7.244506755183986,1.0894321859496585,5.0220192069549565,-7.244506755183986
2020-06-17 00:00:01.637718120,172.56,0.020003999999999997,-0.09435629999999999,0.043945500000000005,-0.6474878,-0.0934924,0.0457533,-0.6501055,After_fall,2,"[-0.04318636272745386, -0.0903719256148766, 0.13085882823435596]",-0.04318636272745386,-0.0903719256148766,0.13085882823435596,"[-0.04802039592081614, -0.040291941611678074, 0.09921015796840649]","[0.2416533290023135, -2.5034985004598345, 1.582117089879498]",0.2416533290023135,-2.5034985004598345,1.582117089879498,0.2416533290023135,-2.5034985004598345,1.582117089879498
2020-06-17 00:00:01.671140939,172.58,0.020003999999999997,-0.09396750000000001,0.043478199999999995,-0.6470408,-0.09435629999999999,0.043945500000000005,-0.6474878,After_fall,2,"[0.019436112777443556, -0.023360327934413658, 0.02234553089382]",0.019436112777443556,-0.023360327934413658,0.02234553089382,"[-0.04318636272745386, -0.0903719256148766, 0.13085882823435596]","[3.130497675709729, 3.349909902042739, -5.424579951036592]",3.130497675709729,3.349909902042739,-5.424579951036592,3.130497675709729,3.349909902042739,-5.424579951036592
2020-06-17 00:00:01.704563758,172.6,0.019989,-0.09329209999999999,0.0434795,-0.6449564,-0.09396750000000001,0.043478199999999995,-0.6470408,After_fall,2,"[0.0337885837210476, 6.50357696734548e-05, 0.10427735254389846]",0.0337885837210476,6.50357696734548e-05,0.10427735254389846,"[0.019436112777443556, -0.023360327934413658, 0.02234553089382]","[0.7180184573317347, 1.171912737209821, 4.0988454475000475]",0.7180184573317347,1.171912737209821,4.0988454475000475,0.7180184573317347,1.171912737209821,4.0988454475000475
2020-06-17 00:00:01.737986577,172.62,0.020003999999999997,-0.0909798,0.0439392,-0.6445786,-0.09329209999999999,0.0434795,-0.6449564,After_fall,2,"[0.11559188162367474, 0.02298040391921618, 0.018886222755448098]",0.11559188162367474,0.02298040391921618,0.018886222755448098,"[0.0337885837210476, 6.50357696734548e-05, 0.10427735254389846]","[4.089347025726212, 1.145539299617213, -4.268702748872744]",4.089347025726212,1.145539299617213,-4.268702748872744,4.089347025726212,1.145539299617213,-4.268702748872744
2020-06-17 00:00:01.771409395,172.64,0.020003999999999997,-0.0895698,0.04694140000000001,-0.6434108999999999,-0.0909798,0.0439392,-0.6445786,After_fall,2,"[0.07048590281943586, 0.1500799840031999, 0.05837332533493826]",0.07048590281943586,0.1500799840031999,0.05837332533493826,"[0.11559188162367474, 0.02298040391921618, 0.018886222755448098]","[-2.254847970617821, 6.353708262546678, 1.9739603369071268]",-2.254847970617821,6.353708262546678,1.9739603369071268,-2.254847970617821,6.353708262546678,1.9739603369071268
2020-06-17 00:00:01.804832214,172.66,0.020003999999999997,-0.08931370000000001,0.048677200000000004,-0.6431621,-0.0895698,0.04694140000000001,-0.6434108999999999,After_fall,2,"[0.012802439512097342, 0.08677264547090562, 0.0124375124974974]",0.012802439512097342,0.08677264547090562,0.0124375124974974,"[0.07048590281943586, 0.1500799840031999, 0.05837332533493826]","[-2.8835964460777106, -3.1647339798187515, -2.2963313755969237]",-2.8835964460777106,-3.1647339798187515,-2.2963313755969237,-2.8835964460777106,-3.1647339798187515,-2.2963313755969237
2020-06-17 00:00:01.838255033,172.68,0.019989,-0.08906879999999999,0.051705299999999996,-0.6423905000000001,-0.08931370000000001,0.048677200000000004,-0.6431621,After_fall,2,"[0.012251738456151889, 0.15148831857521597, 0.0386012306768659]",0.012251738456151889,0.15148831857521597,0.0386012306768659,"[0.012802439512097342, 0.08677264547090562, 0.0124375124974974]","[-0.027550205410248326, 3.2375643155890916, 1.308905807162364]",-0.027550205410248326,3.2375643155890916,1.308905807162364,-0.027550205410248326,3.2375643155890916,1.308905807162364
2020-06-17 00:00:01.871677852,172.7,0.020003999999999997,-0.0900648,0.0534636,-0.6424852,-0.08906879999999999,0.051705299999999996,-0.6423905000000001,After_fall,2,"[-0.049790041991602224, 0.08789742051589705, -0.004734053189356734]",-0.049790041991602224,0.08789742051589705,-0.004734053189356734,"[0.012251738456151889, 0.15148831857521597, 0.0386012306768659]","[-3.101468728641978, -3.178909121141718, -2.1663309271257067]",-3.101468728641978,-3.178909121141718,-2.1663309271257067,-3.101468728641978,-3.178909121141718,-2.1663309271257067
2020-06-17 00:00:01.905100671,172.72,0.020003999999999997,-0.0903144,0.055333299999999995,-0.6421504,-0.0900648,0.0534636,-0.6424852,After_fall,2,"[-0.012477504499100312, 0.09346630673865203, 0.016736652669464534]",-0.012477504499100312,0.09346630673865203,0.016736652669464534,"[-0.049790041991602224, 0.08789742051589705, -0.004734053189356734]","[1.8652538238603238, 0.2783886334110666, 1.0733206288153003]",1.8652538238603238,0.2783886334110666,1.0733206288153003,1.8652538238603238,0.2783886334110666,1.0733206288153003
2020-06-17 00:00:01.938523489,172.74,0.019989,-0.0912894,0.056610799999999996,-0.6414806,-0.0903144,0.055333299999999995,-0.6421504,After_fall,2,"[-0.048776827254990426, 0.0639101505828206, 0.03350842963630265]",-0.048776827254990426,0.0639101505828206,0.03350842963630265,"[-0.012477504499100312, 0.09346630673865203, 0.016736652669464534]","[-1.8159649184996807, -1.4786210493687244, 0.8390503260212174]",-1.8159649184996807,-1.4786210493687244,0.8390503260212174,-1.8159649184996807,-1.4786210493687244,0.8390503260212174
2020-06-17 00:00:01.971946308,172.76,0.020003999999999997,-0.09133870000000001,0.0580789,-0.6417069000000001,-0.0912894,0.056610799999999996,-0.6414806,After_fall,2,"[-0.0024645070985803903, 0.07339032193561323, -0.01131273745251568]",-0.0024645070985803903,0.07339032193561323,-0.01131273745251568,"[-0.048776827254990426, 0.0639101505828206, 0.03350842963630265]","[2.315152977225057, 0.4739137848826554, -2.2406102323944377]",2.315152977225057,0.4739137848826554,-2.2406102323944377,2.315152977225057,0.4739137848826554,-2.2406102323944377
2020-06-17 00:00:02.005369127,172.78,0.020003999999999997,-0.0918169,0.059002,-0.6412643,-0.09133870000000001,0.0580789,-0.6417069000000001,After_fall,2,"[-0.023905218956208663, 0.046145770845830644, 0.022125574885026533]",-0.023905218956208663,0.046145770845830644,0.022125574885026533,"[-0.0024645070985803903, 0.07339032193561323, -0.01131273745251568]","[-1.0718212286356865, -1.3619551634564384, 1.6715813006169875]",-1.0718212286356865,-1.3619551634564384,1.6715813006169875,-1.0718212286356865,-1.3619551634564384,1.6715813006169875
2020-06-17 00:00:02.038791946,172.8,0.020003999999999997,-0.09286760000000001,0.0599744,-0.6414217,-0.0918169,0.059002,-0.6412643,After_fall,2,"[-0.052524495100979895, 0.048610277944411036, -0.007868426314735765]",-0.052524495100979895,0.048610277944411036,-0.007868426314735765,"[-0.023905218956208663, 0.046145770845830644, 0.022125574885026533]","[-1.4306776717042209, 0.12320071478606238, -1.4994001799521246]",-1.4306776717042209,0.12320071478606238,-1.4994001799521246,-1.4306776717042209,0.12320071478606238,-1.4994001799521246
2020-06-17 00:00:02.072214765,172.82,0.019989,-0.09263819999999999,0.059829200000000006,-0.6397673,-0.09286760000000001,0.0599744,-0.6414217,After_fall,2,"[0.011476311971585296, -0.007263995197358105, 0.08276552103656735]",0.011476311971585296,-0.007263995197358105,0.08276552103656735,"[-0.052524495100979895, 0.048610277944411036, -0.007868426314735765]","[3.201801344367662, -2.795251045163297, 4.5341911727101465]",3.201801344367662,-2.795251045163297,4.5341911727101465,3.201801344367662,-2.795251045163297,4.5341911727101465
2020-06-17 00:00:02.105637583,172.84,0.020003999999999997,-0.09288360000000001,0.059789999999999996,-0.6387170999999999,-0.09263819999999999,0.059829200000000006,-0.6397673,After_fall,2,"[-0.01226754649070289, -0.0019596080783848262, 0.052499500099985615]",-0.01226754649070289,-0.0019596080783848262,0.052499500099985615,"[0.011476311971585296, -0.007263995197358105, 0.08276552103656735]","[-1.1869555320080079, 0.26516632268412715, -1.5129984471396594]",-1.1869555320080079,0.26516632268412715,-1.5129984471396594,-1.1869555320080079,0.26516632268412715,-1.5129984471396594
2020-06-17 00:00:02.139060402,172.86,0.020003999999999997,-0.09297419999999999,0.05964649999999999,-0.6375655,-0.09288360000000001,0.059789999999999996,-0.6387170999999999,After_fall,2,"[-0.004529094181162886, -0.0071735652869428495, 0.05756848630273543]",-0.004529094181162886,-0.0071735652869428495,0.05756848630273543,"[-0.01226754649070289, -0.0019596080783848262, 0.052499500099985615]","[0.38684524642771473, -0.26064573128164487, 0.2533986304114085]",0.38684524642771473,-0.26064573128164487,0.2533986304114085,0.38684524642771473,-0.26064573128164487,0.2533986304114085
2020-06-17 00:00:02.172483221,172.88,0.019989,-0.0911221,0.060295299999999996,-0.6405604,-0.09297419999999999,0.05964649999999999,-0.6375655,After_fall,2,"[0.0926559607784279, 0.03245785181850042, -0.14982740507279116]",0.0926559607784279,0.03245785181850042,-0.14982740507279116,"[-0.004529094181162886, -0.0071735652869428495, 0.05756848630273543]","[4.861926807723788, 1.9826613189976123, -10.375501094378237]",4.861926807723788,1.9826613189976123,-10.375501094378237,4.861926807723788,1.9826613189976123,-10.375501094378237
2020-06-17 00:00:02.205906040,172.9,0.020003999999999997,-0.09237129999999999,0.0605516,-0.6353205,-0.0911221,0.060295299999999996,-0.6405604,After_fall,2,"[-0.062447510497900025, 0.01281243751249755, 0.26194261147770825]",-0.062447510497900025,0.01281243751249755,0.26194261147770825,"[0.0926559607784279, 0.03245785181850042, -0.14982740507279116]","[-7.753622839248547, -0.9820743004400557, 20.584383950734825]",-7.753622839248547,-0.9820743004400557,20.584383950734825,-7.753622839248547,-0.9820743004400557,20.584383950734825
2020-06-17 00:00:02.239328859,172.92,0.020003999999999997,-0.09099280000000001,0.06141989999999999,-0.6380125,-0.09237129999999999,0.0605516,-0.6353205,After_fall,2,"[0.06891121775644757, 0.04340631873625253, -0.1345730853829248]",0.06891121775644757,0.04340631873625253,-0.1345730853829248,"[-0.062447510497900025, 0.01281243751249755, 0.26194261147770825]","[6.56662308809976, 1.529388183551039, -19.821820478935866]",6.56662308809976,1.529388183551039,-19.821820478935866,6.56662308809976,1.529388183551039,-19.821820478935866
2020-06-17 00:00:02.272751677,172.94,0.020003999999999997,-0.0918909,0.059099099999999995,-0.6301665,-0.09099280000000001,0.06141989999999999,-0.6380125,After_fall,2,"[-0.04489602079584009, -0.11601679664067177, 0.39222155568886324]",-0.04489602079584009,-0.11601679664067177,0.39222155568886324,"[0.06891121775644757, 0.04340631873625253, -0.1345730853829248]","[-5.689224082797824, -7.969561856474921, 26.334465160557297]",-5.689224082797824,-7.969561856474921,26.334465160557297,-5.689224082797824,-7.969561856474921,26.334465160557297
2020-06-17 00:00:02.306174496,172.96,0.019989,-0.0917117,0.0572922,-0.6258979,-0.0918909,0.059099099999999995,-0.6301665,After_fall,2,"[0.008964930711891759, -0.09039471709440158, 0.21354745109810175]",0.008964930711891759,-0.09039471709440158,0.21354745109810175,"[-0.04489602079584009, -0.11601679664067177, 0.39222155568886324]","[2.694529566648249, 1.281808972248246, -8.938621471347316]",2.694529566648249,1.281808972248246,-8.938621471347316,2.694529566648249,1.281808972248246,-8.938621471347316
2020-06-17 00:00:02.339597315,172.98,0.020003999999999997,-0.0914671,0.0548934,-0.6211593,-0.0917117,0.0572922,-0.6258979,After_fall,2,"[0.01222755448910206, -0.11991601679664067, 0.23688262347530684]",0.01222755448910206,-0.11991601679664067,0.23688262347530684,"[0.008964930711891759, -0.09039471709440158, 0.21354745109810175]","[0.1630985691466858, -1.4757698311457255, 1.1665253137974951]",0.1630985691466858,-1.4757698311457255,1.1665253137974951,0.1630985691466858,-1.4757698311457255,1.1665253137974951
2020-06-17 00:00:02.373020134,173.0,0.020003999999999997,-0.09123690000000001,0.053722099999999995,-0.6191994000000001,-0.0914671,0.0548934,-0.6211593,After_fall,2,"[0.011507698460307239, -0.058553289342131935, 0.09797540491901138]",0.011507698460307239,-0.058553289342131935,0.09797540491901138,"[0.01222755448910206, -0.11991601679664067, 0.23688262347530684]","[-0.03598560431887733, 3.0675228681518067, -6.943972133388096]",-0.03598560431887733,3.0675228681518067,-6.943972133388096,-0.03598560431887733,3.0675228681518067,-6.943972133388096
2020-06-17 00:00:02.406442953,173.02,0.019989,-0.09074469999999998,0.0499313,-0.611487,-0.09123690000000001,0.053722099999999995,-0.6191994000000001,After_fall,2,"[0.02462354294862304, -0.18964430436740193, 0.38583220771424603]",0.02462354294862304,-0.18964430436740193,0.38583220771424603,"[0.011507698460307239, -0.058553289342131935, 0.09797540491901138]","[0.6561531086255341, -6.55815773801941, 14.400760558068669]",0.6561531086255341,-6.55815773801941,14.400760558068669,0.6561531086255341,-6.55815773801941,14.400760558068669
2020-06-17 00:00:02.439865771,173.04,0.020003999999999997,-0.0908061,0.04743989999999999,-0.6082915,-0.09074469999999998,0.0499313,-0.611487,After_fall,2,"[-0.003069386122776295, -0.12454509098180389, 0.15974305138972297]",-0.003069386122776295,-0.12454509098180389,0.15974305138972297,"[0.02462354294862304, -0.18964430436740193, 0.38583220771424603]","[-1.384369579654036, 3.254309807318439, -11.302197376750804]",-1.384369579654036,3.254309807318439,-11.302197376750804,-1.384369579654036,3.254309807318439,-11.302197376750804
2020-06-17 00:00:02.473288590,173.06,0.020003999999999997,-0.0910394,0.0431259,-0.6024221,-0.0908061,0.04743989999999999,-0.6082915,After_fall,2,"[-0.011662667466506986, -0.21565686862627434, 0.29341131773645396]",-0.011662667466506986,-0.21565686862627434,0.29341131773645396,"[-0.003069386122776295, -0.12454509098180389, 0.15974305138972297]","[-0.42957815155622336, -4.554677946634197, 6.682076901956159]",-0.42957815155622336,-4.554677946634197,6.682076901956159,-0.42957815155622336,-4.554677946634197,6.682076901956159
2020-06-17 00:00:02.506711409,173.08,0.020003999999999997,-0.09198579999999999,0.0410075,-0.6002841,-0.0910394,0.0431259,-0.6024221,After_fall,2,"[-0.04731053789242083, -0.10589882023595279, 0.10687862427514365]",-0.04731053789242083,-0.10589882023595279,0.10687862427514365,"[-0.011662667466506986, -0.21565686862627434, 0.29341131773645396]","[-1.7820371138729179, 5.486805058504378, -9.324769719121692]",-1.7820371138729179,5.486805058504378,-9.324769719121692,-1.7820371138729179,5.486805058504378,-9.324769719121692
2020-06-17 00:00:02.540134228,173.1,0.019989,-0.0926758,0.0346877,-0.5946977,-0.09198579999999999,0.0410075,-0.6002841,After_fall,2,"[-0.034518985441993597, -0.3161638901395768, 0.279473710540797]",-0.034518985441993597,-0.3161638901395768,0.279473710540797,"[-0.04731053789242083, -0.10589882023595279, 0.10687862427514365]","[0.6399295837924476, -10.519038966612838, 8.634503290092217]",0.6399295837924476,-10.519038966612838,8.634503290092217,0.6399295837924476,-10.519038966612838,8.634503290092217
2020-06-17 00:00:02.573557046,173.12,0.020003999999999997,-0.09472149999999999,0.0317374,-0.5921558,-0.0926758,0.0346877,-0.5946977,After_fall,2,"[-0.10226454709058108, -0.14748550289942028, 0.12706958608278277]",-0.10226454709058108,-0.14748550289942028,0.12706958608278277,"[-0.034518985441993597, -0.3161638901395768, 0.279473710540797]","[-3.3866007622769194, 8.432232915424741, -7.618682486403432]",-3.3866007622769194,8.432232915424741,-7.618682486403432,-3.3866007622769194,8.432232915424741,-7.618682486403432
2020-06-17 00:00:02.606979865,173.14,0.020003999999999997,-0.0945725,0.0242336,-0.5872471,-0.09472149999999999,0.0317374,-0.5921558,After_fall,2,"[0.007448510297939537, -0.375114977004599, 0.24538592281543634]",0.007448510297939537,-0.375114977004599,0.24538592281543634,"[-0.10226454709058108, -0.14748550289942028, 0.12706958608278277]","[5.484555958234385, -11.3791978656858, 5.914633909850709]",5.484555958234385,-11.3791978656858,5.914633909850709,5.484555958234385,-11.3791978656858,5.914633909850709
2020-06-17 00:00:02.640402684,173.16,0.020003999999999997,-0.0941903,0.019677800000000002,-0.5853676,-0.0945725,0.0242336,-0.5872471,After_fall,2,"[0.019106178764247115, -0.227744451109778, 0.09395620875825006]",0.019106178764247115,-0.227744451109778,0.09395620875825006,"[0.007448510297939537, -0.375114977004599, 0.24538592281543634]","[0.5827668699413907, 7.3670528841642176, -7.5699717085176115]",0.5827668699413907,7.3670528841642176,-7.5699717085176115,0.5827668699413907,7.3670528841642176,-7.5699717085176115
2020-06-17 00:00:02.673825503,173.18,0.019989,-0.0971458,0.012662300000000001,-0.5781466,-0.0941903,0.019677800000000002,-0.5853676,After_fall,2,"[-0.1478563209765371, -0.35096803241782987, 0.3612486867777294]",-0.1478563209765371,-0.35096803241782987,0.3612486867777294,"[0.019106178764247115, -0.227744451109778, 0.09395620875825006]","[-8.352718982479574, -6.164569578670862, 13.371978489142997]",-8.352718982479574,-6.164569578670862,13.371978489142997,-8.352718982479574,-6.164569578670862,13.371978489142997
2020-06-17 00:00:02.707248322,173.2,0.020003999999999997,-0.09846590000000001,0.0059228,-0.5731771,-0.0971458,0.012662300000000001,-0.5781466,After_fall,2,"[-0.0659918016396723, -0.33690761847630485, 0.24842531493701064]",-0.0659918016396723,-0.33690761847630485,0.24842531493701064,"[-0.1478563209765371, -0.35096803241782987, 0.3612486867777294]","[4.09240748534617, 0.7028801210520406, -5.640040583919156]",4.09240748534617,0.7028801210520406,-5.640040583919156,4.09240748534617,0.7028801210520406,-5.640040583919156
2020-06-17 00:00:02.740671140,173.22,0.020003999999999997,-0.09871440000000001,0.0017996000000000002,-0.5710539,-0.09846590000000001,0.0059228,-0.5731771,After_fall,2,"[-0.012422515496900557, -0.20611877624475106, 0.10613877224555049]",-0.012422515496900557,-0.20611877624475106,0.10613877224555049,"[-0.0659918016396723, -0.33690761847630485, 0.24842531493701064]","[2.677928721394309, 6.5381344846807545, -7.112904553662276]",2.677928721394309,6.5381344846807545,-7.112904553662276,2.677928721394309,6.5381344846807545,-7.112904553662276
2020-06-17 00:00:02.774093959,173.24,0.019989,-0.1015725,0.0014524,-0.568685,-0.09871440000000001,0.0017996000000000002,-0.5710539,After_fall,2,"[-0.14298364100255082, -0.01736955325428987, 0.11851018059932998]",-0.14298364100255082,-0.01736955325428987,0.11851018059932998,"[-0.012422515496900557, -0.20611877624475106, 0.10613877224555049]","[-6.531648682057644, 9.442654609558316, 0.6189108186392261]",-6.531648682057644,9.442654609558316,0.6189108186392261,-6.531648682057644,9.442654609558316,0.6189108186392261
2020-06-17 00:00:02.807516778,173.26,0.020003999999999997,-0.099721,0.0020099000000000002,-0.5693996,-0.1015725,0.0014524,-0.568685,After_fall,2,"[0.09255648870225916, 0.027869426114777062, -0.03572285542891471]",0.09255648870225916,0.027869426114777062,-0.03572285542891471,"[-0.14298364100255082, -0.01736955325428987, 0.11851018059932998]","[11.774651554929514, 2.2614966691195226, -7.710109779456343]",11.774651554929514,2.2614966691195226,-7.710109779456343,11.774651554929514,2.2614966691195226,-7.710109779456343
2020-06-17 00:00:02.840939597,173.28,0.020003999999999997,-0.1013314,0.0015268,-0.5676618,-0.099721,0.0020099000000000002,-0.5693996,After_fall,2,"[-0.08050389922015587, -0.024150169966006812, 0.08687262547490561]",-0.08050389922015587,-0.024150169966006812,0.08687262547490561,"[0.09255648870225916, 0.027869426114777062, -0.03572285542891471]","[-8.651289138293093, -2.6004597120967747, 6.128548335523912]",-8.651289138293093,-2.6004597120967747,6.128548335523912,-8.651289138293093,-2.6004597120967747,6.128548335523912
2020-06-17 00:00:02.874362416,173.3,0.020003999999999997,-0.10163979999999999,0.0011973,-0.5676332000000001,-0.1013314,0.0015268,-0.5676618,After_fall,2,"[-0.015416916616675989, -0.016471705658868224, 0.0014297140571852749]",-0.015416916616675989,-0.016471705658868224,0.0014297140571852749,"[-0.08050389922015587, -0.024150169966006812, 0.08687262547490561]","[3.253698390495895, 0.3838464460677159, -4.271291312623493]",3.253698390495895,0.3838464460677159,-4.271291312623493,3.253698390495895,0.3838464460677159,-4.271291312623493
2020-06-17 00:00:02.907785234,173.32,0.019989,-0.10192649999999999,0.0014959,-0.5674459,-0.10163979999999999,0.0011973,-0.5676332000000001,After_fall,2,"[-0.01434288858872384, 0.014938216018810346, 0.009370153584477082]",-0.01434288858872384,0.014938216018810346,0.009370153584477082,"[-0.015416916616675989, -0.016471705658868224, 0.0014297140571852749]","[0.05373095342198953, 1.5713603320665652, 0.39724045861682966]",0.05373095342198953,1.5713603320665652,0.39724045861682966,0.05373095342198953,1.5713603320665652,0.39724045861682966
2020-06-17 00:00:02.941208053,173.34,0.020003999999999997,-0.10195620000000001,0.0013233000000000001,-0.5674513,-0.10192649999999999,0.0014959,-0.5674459,After_fall,2,"[-0.0014847030593891912, -0.008628274345130972, -0.00026994601080005293]",-0.0014847030593891912,-0.008628274345130972,-0.00026994601080005293,"[-0.01434288858872384, 0.014938216018810346, 0.009370153584477082]","[0.642780720322668, -1.1780889004169826, -0.481908598044248]",0.642780720322668,-1.1780889004169826,-0.481908598044248,0.642780720322668,-1.1780889004169826,-0.481908598044248
2020-06-17 00:00:02.974630872,173.36,0.020003999999999997,-0.1019892,0.0014915000000000002,-0.5675025,-0.10195620000000001,0.0013233000000000001,-0.5674513,After_fall,2,"[-0.0016496700659863713, 0.008408318336332739, -0.0025594881023809743]",-0.0016496700659863713,0.008408318336332739,-0.0025594881023809743,"[-0.0014847030593891912, -0.008628274345130972, -0.00026994601080005293]","[-0.008246700989661073, 0.8516593022127431, -0.11445421373629883]",-0.008246700989661073,0.8516593022127431,-0.11445421373629883,-0.008246700989661073,0.8516593022127431,-0.11445421373629883
2020-06-17 00:00:03.008053691,173.38,0.019989,-0.1019935,0.0015405,-0.5674957,-0.1019892,0.0014915000000000002,-0.5675025,After_fall,2,"[-0.00021511831507322774, 0.0024513482415328323, 0.0003401871029052726]",-0.00021511831507322774,0.0024513482415328323,0.0003401871029052726,"[-0.0016496700659863713, 0.008408318336332739, -0.0025594881023809743]","[0.07176705942834277, -0.2980124115663568, 0.14506354521418013]",0.07176705942834277,-0.2980124115663568,0.14506354521418013,0.07176705942834277,-0.2980124115663568,0.14506354521418013
2020-06-17 00:00:03.041476510,173.4,0.020003999999999997,-0.1018705,0.0013706,-0.5674405,-0.1019935,0.0015405,-0.5674957,After_fall,2,"[0.006148770245950716, -0.008493301339732053, 0.0027594481103795743]",0.006148770245950716,-0.008493301339732053,0.0027594481103795743,"[-0.00021511831507322774, 0.0024513482415328323, 0.0003401871029052726]","[0.3181308018908191, -0.5471230544523539, 0.12093886260119487]",0.3181308018908191,-0.5471230544523539,0.12093886260119487,0.3181308018908191,-0.5471230544523539,0.12093886260119487
2020-06-17 00:00:03.074899328,173.42,0.020003999999999997,-0.10201389999999999,0.0015762999999999999,-0.5674980000000001,-0.1018705,0.0013706,-0.5674405,After_fall,2,"[-0.0071685662867420515, 0.01028294341131773, -0.002874425114979186]",-0.0071685662867420515,0.01028294341131773,-0.002874425114979186,"[0.006148770245950716, -0.008493301339732053, 0.0027594481103795743]","[-0.6657336798986587, 0.9386245126499593, -0.28163733380117784]",-0.6657336798986587,0.9386245126499593,-0.28163733380117784,-0.6657336798986587,0.9386245126499593,-0.28163733380117784
2020-06-17 00:00:03.108322147,173.44,0.020003999999999997,-0.10200400000000001,0.0015444999999999999,-0.5675051,-0.10201389999999999,0.0015762999999999999,-0.5674980000000001,After_fall,2,"[0.0004949010197950096, -0.0015896820635872835, -0.00035492901419349184]",0.0004949010197950096,-0.0015896820635872835,-0.00035492901419349184,"[-0.0071685662867420515, 0.01028294341131773, -0.002874425114979186]","[0.3830967459776575, -0.5935125712310045, 0.12594961511626146]",0.3830967459776575,-0.5935125712310045,0.12594961511626146,0.3830967459776575,-0.5935125712310045,0.12594961511626146
2020-06-17 00:00:03.141744966,173.46,0.019989,-0.1019961,0.0015266,-0.56751,-0.10200400000000001,0.0015444999999999999,-0.5675051,After_fall,2,"[0.0003952173695535107, -0.0008954925208864849, -0.00024513482415200206]",0.0003952173695535107,-0.0008954925208864849,-0.00024513482415200206,"[0.0004949010197950096, -0.0015896820635872835, -0.00035492901419349184]","[-0.004986925321001494, 0.034728577852859, 0.0054927305038516075]",-0.004986925321001494,0.034728577852859,0.0054927305038516075,-0.004986925321001494,0.034728577852859,0.0054927305038516075
2020-06-17 00:00:03.175167785,173.48,0.020003999999999997,-0.10202180000000001,0.0015875,-0.5675322,-0.1019961,0.0015266,-0.56751,After_fall,2,"[-0.001284743051389897, 0.003044391121775646, -0.0011097780443952844]",-0.001284743051389897,0.003044391121775646,-0.0011097780443952844,"[0.0003952173695535107, -0.0008954925208864849, -0.00024513482415200206]","[-0.08398122480220994, 0.1969547911748716, -0.043223516308902345]",-0.08398122480220994,0.1969547911748716,-0.043223516308902345,-0.08398122480220994,0.1969547911748716,-0.043223516308902345
2020-06-17 00:00:03.208590604,173.5,0.020003999999999997,-0.1019963,0.0015232,-0.5675133,-0.10202180000000001,0.0015875,-0.5675322,After_fall,2,"[0.0012747450509903832, -0.003214357128574285, 0.0009448110377946353]",0.0012747450509903832,-0.003214357128574285,0.0009448110377946353,"[-0.001284743051389897, 0.003044391121775646, -0.0011097780443952844]","[0.12794881535594282, -0.31287483754998663, 0.1027089123270306]",0.12794881535594282,-0.31287483754998663,0.1027089123270306,0.12794881535594282,-0.31287483754998663,0.1027089123270306
2020-06-17 00:00:03.242013422,173.52,0.019989,-0.1019951,0.0015224000000000001,-0.5675106,-0.1019963,0.0015232,-0.5675133,After_fall,2,"[6.003301815963147e-05, -4.002201210664879e-05, 0.00013507429086108004]",6.003301815963147e-05,-4.002201210664879e-05,0.00013507429086108004,"[0.0012747450509903832, -0.003214357128574285, 0.0009448110377946353]","[-0.060769024605070374, 0.15880409807732435, -0.04050911736122644]",-0.060769024605070374,0.15880409807732435,-0.04050911736122644,-0.060769024605070374,0.15880409807732435,-0.04050911736122644
2020-06-17 00:00:03.275436241,173.54,0.020003999999999997,-0.10199549999999999,0.0015271000000000002,-0.5675098000000001,-0.1019951,0.0015224000000000001,-0.5675106,After_fall,2,"[-1.999600079902753e-05, 0.0002349530093981234, 3.999200159528006e-05]",-1.999600079902753e-05,0.0002349530093981234,3.999200159528006e-05,"[6.003301815963147e-05, -4.002201210664879e-05, 0.00013507429086108004]","[-0.004000650817769397, 0.013746001874863639, -0.004753163830523895]",-0.004000650817769397,0.013746001874863639,-0.004753163830523895,-0.004000650817769397,0.013746001874863639,-0.004753163830523895
2020-06-17 00:00:03.308859060,173.56,0.020003999999999997,-0.10198129999999998,0.0015222,-0.5675219,-0.10199549999999999,0.0015271000000000002,-0.5675098000000001,After_fall,2,"[0.0007098580283946148, -0.00024495100979804907, -0.0006048790241931297]",0.0007098580283946148,-0.00024495100979804907,-0.0006048790241931297,"[-1.999600079902753e-05, 0.0002349530093981234, 3.999200159528006e-05]","[0.03648540437880636, -0.02399040287923278, -0.03223710386864676]",0.03648540437880636,-0.02399040287923278,-0.03223710386864676,0.03648540437880636,-0.02399040287923278,-0.03223710386864676
2020-06-17 00:00:03.342281879,173.58,0.020003999999999997,-0.10199549999999999,0.0015343000000000002,-0.5675092,-0.10198129999999998,0.0015222,-0.5675219,After_fall,2,"[-0.0007098580283946148, 0.0006048790241951676, 0.0006348730253937523]",-0.0007098580283946148,0.0006048790241951676,0.0006348730253937523,"[0.0007098580283946148, -0.00024495100979804907, -0.0006048790241931297]","[-0.07097160851775794, 0.042483005098641106, 0.06197520743785654]",-0.07097160851775794,0.042483005098641106,0.06197520743785654,-0.07097160851775794,0.042483005098641106,0.06197520743785654
2020-06-17 00:00:03.375704697,173.6,0.019989,-0.101996,0.0015356,-0.5675087000000001,-0.10199549999999999,0.0015343000000000002,-0.5675092,After_fall,2,"[-2.501375756738095e-05, 6.503576967331377e-05, 2.5013757564603865e-05]",-2.501375756738095e-05,6.503576967331377e-05,2.5013757564603865e-05,"[-0.0007098580283946148, 0.0006048790241951676, 0.0006348730253937523]","[0.03426105712277922, -0.02700701658521456, -0.030509743750520207]",0.03426105712277922,-0.02700701658521456,-0.030509743750520207,0.03426105712277922,-0.02700701658521456,-0.030509743750520207
2020-06-17 00:00:03.409127516,173.62,0.020003999999999997,-0.1019961,0.0015347999999999998,-0.5675085,-0.101996,0.0015356,-0.5675087000000001,After_fall,2,"[-4.999000200103758e-06, -3.999200159969188e-05, 9.998000405757521e-06]",-4.999000200103758e-06,-3.999200159969188e-05,9.998000405757521e-06,"[-2.501375756738095e-05, 6.503576967331377e-05, 2.5013757564603865e-05]","[0.0010005377608116974, -0.005250338495951094, -0.000750637730396238]",0.0010005377608116974,-0.005250338495951094,-0.000750637730396238,0.0010005377608116974,-0.005250338495951094,-0.000750637730396238
2020-06-17 00:00:03.442550335,173.64,0.020003999999999997,-0.1019961,0.0015331000000000001,-0.567509,-0.1019961,0.0015347999999999998,-0.5675085,After_fall,2,"[0.0, -8.498300339930324e-05, -2.4995001003293792e-05]",0.0,-8.498300339930324e-05,-2.4995001003293792e-05,"[-4.999000200103758e-06, -3.999200159969188e-05, 9.998000405757521e-06]","[0.0002499000299991881, -0.002249100269926583, -0.0017493002104104836]",0.0002499000299991881,-0.002249100269926583,-0.0017493002104104836,0.0002499000299991881,-0.002249100269926583,-0.0017493002104104836
2020-06-17 00:00:03.475973154,173.66,0.020003999999999997,-0.1019973,0.00153,-0.5675073,-0.1019961,0.0015331000000000001,-0.567509,After_fall,2,"[-5.9988002399163844e-05, -0.00015496900619877215, 8.498300339898889e-05]",-5.9988002399163844e-05,-0.00015496900619877215,8.498300339898889e-05,"[0.0, -8.498300339930324e-05, -2.4995001003293792e-05]","[-0.0029988003598862153, -0.003498600419889468, 0.005497800659982138]",-0.0029988003598862153,-0.003498600419889468,0.005497800659982138,-0.0029988003598862153,-0.003498600419889468,0.005497800659982138
2020-06-17 00:00:03.509395973,173.68,0.019989,-0.10199620000000001,0.0015282,-0.5675096,-0.1019973,0.00153,-0.5675073,After_fall,2,"[5.5030266646155277e-05, -9.004952723997876e-05, -0.00011506328480162112]",5.5030266646155277e-05,-9.004952723997876e-05,-0.00011506328480162112,"[-5.9988002399163844e-05, -0.00015496900619877215, 8.498300339898889e-05]","[0.005754078195273357, 0.003247760216058502, -0.010007818710321179]",0.005754078195273357,0.003247760216058502,-0.010007818710321179,0.005754078195273357,0.003247760216058502,-0.010007818710321179
2020-06-17 00:00:03.542818791,173.7,0.020003999999999997,-0.10199770000000001,0.0015249,-0.567507,-0.10199620000000001,0.0015282,-0.5675096,After_fall,2,"[-7.498500299947513e-05, -0.00016496700659867616, 0.0001299740051971477]",-7.498500299947513e-05,-0.00016496700659867616,0.0001299740051971477,"[5.5030266646155277e-05, -9.004952723997876e-05, -0.00011506328480162112]","[-0.0064994635895636085, -0.0037451249429462812, 0.012249414617015042]",-0.0064994635895636085,-0.0037451249429462812,0.012249414617015042,-0.0064994635895636085,-0.0037451249429462812,0.012249414617015042
2020-06-17 00:00:03.576241610,173.72,0.020003999999999997,-0.10199639999999999,0.0015251,-0.5675098000000001,-0.10199770000000001,0.0015249,-0.567507,After_fall,2,"[6.49870026006551e-05, 9.99800039991484e-06, -0.00013997200560290522]",6.49870026006551e-05,9.99800039991484e-06,-0.00013997200560290522,"[-7.498500299947513e-05, -0.00016496700659867616, 0.0001299740051971477]","[0.0069972008398385445, 0.008746501049719607, -0.013494601619678713]",0.0069972008398385445,0.008746501049719607,-0.013494601619678713,0.0069972008398385445,0.008746501049719607,-0.013494601619678713
2020-06-17 00:00:03.609664429,173.74,0.019989,-0.1019973,0.0015229,-0.5675077,-0.10199639999999999,0.0015251,-0.5675098000000001,After_fall,2,"[-4.5024763620591444e-05, -0.00011006053329330857, 0.00010505778178577709]",-4.5024763620591444e-05,-0.00011006053329330857,0.00010505778178577709,"[6.49870026006551e-05, 9.99800039991484e-06, -0.00013997200560290522]","[-0.00550361529947704, -0.0060062301112223425, 0.012258231396702303]",-0.00550361529947704,-0.0060062301112223425,0.012258231396702303,-0.00550361529947704,-0.0060062301112223425,0.012258231396702303
2020-06-17 00:00:03.643087248,173.76,0.020003999999999997,-0.1019965,0.0015247,-0.5675098999999999,-0.1019973,0.0015229,-0.5675077,After_fall,2,"[3.999200159944256e-05, 8.998200359927692e-05, -0.00010997800439673268]",3.999200159944256e-05,8.998200359927692e-05,-0.00010997800439673268,"[-4.5024763620591444e-05, -0.00011006053329330857, 0.00010505778178577709]","[0.004249988263349031, 0.010000126819265423, -0.010749639381249239]",0.004249988263349031,0.010000126819265423,-0.010749639381249239,0.004249988263349031,0.010000126819265423,-0.010749639381249239
2020-06-17 00:00:03.676510067,173.78,0.020003999999999997,-0.10199620000000001,0.0015249999999999999,-0.5675103,-0.1019965,0.0015247,-0.5675098999999999,After_fall,2,"[1.4997000599617524e-05, 1.499700059987768e-05, -1.999600080596504e-05]",1.4997000599617524e-05,1.499700059987768e-05,-1.999600080596504e-05,"[3.999200159944256e-05, 8.998200359927692e-05, -0.00010997800439673268]","[-0.00124950014996126, -0.0037485004498799862, 0.004498200539430497]",-0.00124950014996126,-0.0037485004498799862,0.004498200539430497,-0.00124950014996126,-0.0037485004498799862,0.004498200539430497
2020-06-17 00:00:03.709932885,173.8,0.020003999999999997,-0.1019965,0.0015256,-0.5675097,-0.10199620000000001,0.0015249999999999999,-0.5675103,After_fall,2,"[-1.4997000599617524e-05, 2.9994001199766202e-05, 2.999400120062255e-05]",-1.4997000599617524e-05,2.9994001199766202e-05,2.999400120062255e-05,"[1.4997000599617524e-05, 1.499700059987768e-05, -1.999600080596504e-05]","[-0.0014994001799257676, 0.0007497000899764309, 0.002499000300269326]",-0.0014994001799257676,0.0007497000899764309,0.002499000300269326,-0.0014994001799257676,0.0007497000899764309,0.002499000300269326
2020-06-17 00:00:03.743355704,173.82,0.019989,-0.10199549999999999,0.0015278,-0.5675121,-0.1019965,0.0015256,-0.5675097,After_fall,2,"[5.002751513406763e-05, 0.00011006053329330857, -0.00012006603631787439]",5.002751513406763e-05,0.00011006053329330857,-0.00012006603631787439,"[-1.4997000599617524e-05, 2.9994001199766202e-05, 2.999400120062255e-05]","[0.0032530149449039552, 0.004005529645982409, -0.007507130797863673]",0.0032530149449039552,0.004005529645982409,-0.007507130797863673,0.0032530149449039552,0.004005529645982409,-0.007507130797863673
2020-06-17 00:00:03.776778523,173.84,0.020003999999999997,-0.10199549999999999,0.0015278,-0.5675121,-0.10199549999999999,0.0015278,-0.5675121,After_fall,2,"[0.0, 0.0, 0.0]",0.0,0.0,0.0,"[5.002751513406763e-05, 0.00011006053329330857, -0.00012006603631787439]","[-0.0025008755815870646, -0.0055019262794095474, 0.006002101395614598]",-0.0025008755815870646,-0.0055019262794095474,0.006002101395614598,-0.0025008755815870646,-0.0055019262794095474,0.006002101395614598
2020-06-17 00:00:03.810201342,173.86,0.020003999999999997,-0.10199549999999999,0.0015278,-0.5675121,-0.10199549999999999,0.0015278,-0.5675121,After_fall,2,"[0.0, 0.0, 0.0]",0.0,0.0,0.0,"[0.0, 0.0, 0.0]","[0.0, 0.0, 0.0]",0.0,0.0,0.0,0.0,0.0,0.0
2020-06-17 00:00:03.843624161,173.88,0.019989,-0.10199549999999999,0.0015278,-0.5675121,-0.10199549999999999,0.0015278,-0.5675121,After_fall,2,"[0.0, 0.0, 0.0]",0.0,0.0,0.0,"[0.0, 0.0, 0.0]","[0.0, 0.0, 0.0]",0.0,0.0,0.0,0.0,0.0,0.0
2020-06-17 00:00:03.877046979,173.9,0.020003999999999997,-0.10199549999999999,0.0015278,-0.5675121,-0.10199549999999999,0.0015278,-0.5675121,After_fall,2,"[0.0, 0.0, 0.0]",0.0,0.0,0.0,"[0.0, 0.0, 0.0]","[0.0, 0.0, 0.0]",0.0,0.0,0.0,0.0,0.0,0.0
2020-06-17 00:00:03.910469798,173.92,0.020003999999999997,-0.10199549999999999,0.0015278,-0.5675121,-0.10199549999999999,0.0015278,-0.5675121,After_fall,2,"[0.0, 0.0, 0.0]",0.0,0.0,0.0,"[0.0, 0.0, 0.0]","[0.0, 0.0, 0.0]",0.0,0.0,0.0,0.0,0.0,0.0
2020-06-17 00:00:03.943892617,173.94,0.020003999999999997,-0.10199549999999999,0.0015278,-0.5675121,-0.10199549999999999,0.0015278,-0.5675121,After_fall,2,"[0.0, 0.0, 0.0]",0.0,0.0,0.0,"[0.0, 0.0, 0.0]","[0.0, 0.0, 0.0]",0.0,0.0,0.0,0.0,0.0,0.0
2020-06-17 00:00:03.977315436,173.96,0.019989,-0.10199549999999999,0.0015278,-0.5675121,-0.10199549999999999,0.0015278,-0.5675121,After_fall,2,"[0.0, 0.0, 0.0]",0.0,0.0,0.0,"[0.0, 0.0, 0.0]","[0.0, 0.0, 0.0]",0.0,0.0,0.0,0.0,0.0,0.0
2020-06-17 00:00:04.010738255,173.98,0.020003999999999997,-0.10199549999999999,0.0015278,-0.5675121,-0.10199549999999999,0.0015278,-0.5675121,After_fall,2,"[0.0, 0.0, 0.0]",0.0,0.0,0.0,"[0.0, 0.0, 0.0]","[0.0, 0.0, 0.0]",0.0,0.0,0.0,0.0,0.0,0.0
2020-06-17 00:00:04.044161073,174.0,0.020003999999999997,-0.10199549999999999,0.0015278,-0.5675121,-0.10199549999999999,0.0015278,-0.5675121,After_fall,2,"[0.0, 0.0, 0.0]",0.0,0.0,0.0,"[0.0, 0.0, 0.0]","[0.0, 0.0, 0.0]",0.0,0.0,0.0,0.0,0.0,0.0
2020-06-17 00:00:04.077583892,174.02,0.019989,-0.10199549999999999,0.0015278,-0.5675121,-0.10199549999999999,0.0015278,-0.5675121,After_fall,2,"[0.0, 0.0, 0.0]",0.0,0.0,0.0,"[0.0, 0.0, 0.0]","[0.0, 0.0, 0.0]",0.0,0.0,0.0,0.0,0.0,0.0
2020-06-17 00:00:04.111006711,174.04,0.020003999999999997,-0.10199549999999999,0.0015278,-0.5675121,-0.10199549999999999,0.0015278,-0.5675121,After_fall,2,"[0.0, 0.0, 0.0]",0.0,0.0,0.0,"[0.0, 0.0, 0.0]","[0.0, 0.0, 0.0]",0.0,0.0,0.0,0.0,0.0,0.0
2020-06-17 00:00:04.144429530,174.06,0.020003999999999997,-0.10199549999999999,0.0015278,-0.5675121,-0.10199549999999999,0.0015278,-0.5675121,After_fall,2,"[0.0, 0.0, 0.0]",0.0,0.0,0.0,"[0.0, 0.0, 0.0]","[0.0, 0.0, 0.0]",0.0,0.0,0.0,0.0,0.0,0.0
2020-06-17 00:00:04.177852348,174.08,0.020003999999999997,-0.10199549999999999,0.0015278,-0.5675121,-0.10199549999999999,0.0015278,-0.5675121,After_fall,2,"[0.0, 0.0, 0.0]",0.0,0.0,0.0,"[0.0, 0.0, 0.0]","[0.0, 0.0, 0.0]",0.0,0.0,0.0,0.0,0.0,0.0
2020-06-17 00:00:04.211275167,174.1,0.019989,-0.10199549999999999,0.0015278,-0.5675121,-0.10199549999999999,0.0015278,-0.5675121,After_fall,2,"[0.0, 0.0, 0.0]",0.0,0.0,0.0,"[0.0, 0.0, 0.0]","[0.0, 0.0, 0.0]",0.0,0.0,0.0,0.0,0.0,0.0
2020-06-17 00:00:04.244697986,174.12,0.020003999999999997,-0.10199549999999999,0.0015278,-0.5675121,-0.10199549999999999,0.0015278,-0.5675121,After_fall,2,"[0.0, 0.0, 0.0]",0.0,0.0,0.0,"[0.0, 0.0, 0.0]","[0.0, 0.0, 0.0]",0.0,0.0,0.0,0.0,0.0,0.0
2020-06-17 00:00:04.278120805,174.14,0.020003999999999997,-0.10199549999999999,0.0015278,-0.5675121,-0.10199549999999999,0.0015278,-0.5675121,After_fall,2,"[0.0, 0.0, 0.0]",0.0,0.0,0.0,"[0.0, 0.0, 0.0]","[0.0, 0.0, 0.0]",0.0,0.0,0.0,0.0,0.0,0.0
2020-06-17 00:00:04.311543624,174.16,0.020003999999999997,-0.10199549999999999,0.0015278,-0.5675121,-0.10199549999999999,0.0015278,-0.5675121,After_fall,2,"[0.0, 0.0, 0.0]",0.0,0.0,0.0,"[0.0, 0.0, 0.0]","[0.0, 0.0, 0.0]",0.0,0.0,0.0,0.0,0.0,0.0
2020-06-17 00:00:04.344966442,174.18,0.019989,-0.10199549999999999,0.0015278,-0.5675121,-0.10199549999999999,0.0015278,-0.5675121,After_fall,2,"[0.0, 0.0, 0.0]",0.0,0.0,0.0,"[0.0, 0.0, 0.0]","[0.0, 0.0, 0.0]",0.0,0.0,0.0,0.0,0.0,0.0
2020-06-17 00:00:04.378389261,174.2,0.020003999999999997,-0.10199549999999999,0.0015278,-0.5675121,-0.10199549999999999,0.0015278,-0.5675121,After_fall,2,"[0.0, 0.0, 0.0]",0.0,0.0,0.0,"[0.0, 0.0, 0.0]","[0.0, 0.0, 0.0]",0.0,0.0,0.0,0.0,0.0,0.0
2020-06-17 00:00:04.411812080,174.22,0.020003999999999997,-0.10199549999999999,0.0015278,-0.5675121,-0.10199549999999999,0.0015278,-0.5675121,After_fall,2,"[0.0, 0.0, 0.0]",0.0,0.0,0.0,"[0.0, 0.0, 0.0]","[0.0, 0.0, 0.0]",0.0,0.0,0.0,0.0,0.0,0.0
2020-06-17 00:00:04.445234899,174.24,0.019989,-0.10199549999999999,0.0015278,-0.5675121,-0.10199549999999999,0.0015278,-0.5675121,After_fall,2,"[0.0, 0.0, 0.0]",0.0,0.0,0.0,"[0.0, 0.0, 0.0]","[0.0, 0.0, 0.0]",0.0,0.0,0.0,0.0,0.0,0.0
2020-06-17 00:00:04.478657718,174.26,0.020003999999999997,-0.10199549999999999,0.0015278,-0.5675121,-0.10199549999999999,0.0015278,-0.5675121,After_fall,2,"[0.0, 0.0, 0.0]",0.0,0.0,0.0,"[0.0, 0.0, 0.0]","[0.0, 0.0, 0.0]",0.0,0.0,0.0,0.0,0.0,0.0
2020-06-17 00:00:04.512080536,174.28,0.020003999999999997,-0.10199549999999999,0.0015278,-0.5675121,-0.10199549999999999,0.0015278,-0.5675121,After_fall,2,"[0.0, 0.0, 0.0]",0.0,0.0,0.0,"[0.0, 0.0, 0.0]","[0.0, 0.0, 0.0]",0.0,0.0,0.0,0.0,0.0,0.0
2020-06-17 00:00:04.545503355,174.3,0.020003999999999997,-0.10199549999999999,0.0015278,-0.5675121,-0.10199549999999999,0.0015278,-0.5675121,After_fall,2,"[0.0, 0.0, 0.0]",0.0,0.0,0.0,"[0.0, 0.0, 0.0]","[0.0, 0.0, 0.0]",0.0,0.0,0.0,0.0,0.0,0.0
2020-06-17 00:00:04.578926174,174.32,0.019989,-0.10199549999999999,0.0015278,-0.5675121,-0.10199549999999999,0.0015278,-0.5675121,After_fall,2,"[0.0, 0.0, 0.0]",0.0,0.0,0.0,"[0.0, 0.0, 0.0]","[0.0, 0.0, 0.0]",0.0,0.0,0.0,0.0,0.0,0.0
2020-06-17 00:00:04.612348993,174.34,0.020003999999999997,-0.10199549999999999,0.0015278,-0.5675121,-0.10199549999999999,0.0015278,-0.5675121,After_fall,2,"[0.0, 0.0, 0.0]",0.0,0.0,0.0,"[0.0, 0.0, 0.0]","[0.0, 0.0, 0.0]",0.0,0.0,0.0,0.0,0.0,0.0
2020-06-17 00:00:04.645771812,174.36,0.020003999999999997,-0.10199549999999999,0.0015278,-0.5675121,-0.10199549999999999,0.0015278,-0.5675121,After_fall,2,"[0.0, 0.0, 0.0]",0.0,0.0,0.0,"[0.0, 0.0, 0.0]","[0.0, 0.0, 0.0]",0.0,0.0,0.0,0.0,0.0,0.0
2020-06-17 00:00:04.679194630,174.38,0.019989,-0.10199549999999999,0.0015278,-0.5675121,-0.10199549999999999,0.0015278,-0.5675121,After_fall,2,"[0.0, 0.0, 0.0]",0.0,0.0,0.0,"[0.0, 0.0, 0.0]","[0.0, 0.0, 0.0]",0.0,0.0,0.0,0.0,0.0,0.0
2020-06-17 00:00:04.712617449,174.4,0.020003999999999997,-0.10199549999999999,0.0015278,-0.5675121,-0.10199549999999999,0.0015278,-0.5675121,After_fall,2,"[0.0, 0.0, 0.0]",0.0,0.0,0.0,"[0.0, 0.0, 0.0]","[0.0, 0.0, 0.0]",0.0,0.0,0.0,0.0,0.0,0.0
2020-06-17 00:00:04.746040268,174.42,0.020003999999999997,-0.10199549999999999,0.0015278,-0.5675121,-0.10199549999999999,0.0015278,-0.5675121,After_fall,2,"[0.0, 0.0, 0.0]",0.0,0.0,0.0,"[0.0, 0.0, 0.0]","[0.0, 0.0, 0.0]",0.0,0.0,0.0,0.0,0.0,0.0
2020-06-17 00:00:04.779463087,174.44,0.020003999999999997,-0.10199549999999999,0.0015278,-0.5675121,-0.10199549999999999,0.0015278,-0.5675121,After_fall,2,"[0.0, 0.0, 0.0]",0.0,0.0,0.0,"[0.0, 0.0, 0.0]","[0.0, 0.0, 0.0]",0.0,0.0,0.0,0.0,0.0,0.0
2020-06-17 00:00:04.812885906,174.46,0.019989,-0.10199549999999999,0.0015278,-0.5675121,-0.10199549999999999,0.0015278,-0.5675121,After_fall,2,"[0.0, 0.0, 0.0]",0.0,0.0,0.0,"[0.0, 0.0, 0.0]","[0.0, 0.0, 0.0]",0.0,0.0,0.0,0.0,0.0,0.0
2020-06-17 00:00:04.846308724,174.48,0.020003999999999997,-0.10199549999999999,0.0015278,-0.5675121,-0.10199549999999999,0.0015278,-0.5675121,After_fall,2,"[0.0, 0.0, 0.0]",0.0,0.0,0.0,"[0.0, 0.0, 0.0]","[0.0, 0.0, 0.0]",0.0,0.0,0.0,0.0,0.0,0.0
2020-06-17 00:00:04.879731543,174.5,0.020003999999999997,-0.10199549999999999,0.0015278,-0.5675121,-0.10199549999999999,0.0015278,-0.5675121,After_fall,2,"[0.0, 0.0, 0.0]",0.0,0.0,0.0,"[0.0, 0.0, 0.0]","[0.0, 0.0, 0.0]",0.0,0.0,0.0,0.0,0.0,0.0
2020-06-17 00:00:04.913154362,174.52,0.019989,-0.10199549999999999,0.0015278,-0.5675121,-0.10199549999999999,0.0015278,-0.5675121,After_fall,2,"[0.0, 0.0, 0.0]",0.0,0.0,0.0,"[0.0, 0.0, 0.0]","[0.0, 0.0, 0.0]",0.0,0.0,0.0,0.0,0.0,0.0
2020-06-17 00:00:04.946577181,174.54,0.020003999999999997,-0.10199549999999999,0.0015278,-0.5675121,-0.10199549999999999,0.0015278,-0.5675121,After_fall,2,"[0.0, 0.0, 0.0]",0.0,0.0,0.0,"[0.0, 0.0, 0.0]","[0.0, 0.0, 0.0]",0.0,0.0,0.0,0.0,0.0,0.0
2020-06-17 00:00:04.980000000,174.56,0.020003999999999997,-0.10199549999999999,0.0015278,-0.5675121,-0.10199549999999999,0.0015278,-0.5675121,After_fall,2,"[0.0, 0.0, 0.0]",0.0,0.0,0.0,"[0.0, 0.0, 0.0]","[0.0, 0.0, 0.0]",0.0,0.0,0.0,0.0,0.0,0.0
