count,delta,accelx,accely,accelz,pos1x,pos1y,pos1z,pos2x,pos2y,pos2z,gforcex,gforcey,gforcez,movementType
11.58,0.020000,-9.614857,-1.615585,-1.082695,-0.989765,0.904608,-7.016174,-0.989765,0.904624,-7.016276,-0.980107,-0.164607,-0.110887,Transition
11.6,0.020000,-8.297785,-1.390015,0.327733,-0.964154,0.902800,-6.976142,-0.989765,0.904608,-7.016174,-0.976388,-0.132478,-0.170633,Walking
11.62,0.020000,-7.650955,-0.449438,-0.879597,-0.929974,0.907542,-6.936615,-0.964154,0.902800,-6.976142,-0.954122,-0.069980,-0.291126,Walking
11.64,0.020000,-7.229268,0.356502,-2.011101,-0.895788,0.916952,-6.896030,-0.929974,0.907542,-6.936615,-0.911172,-0.011622,-0.411863,Walking
11.66,0.020000,-6.686028,1.087559,-3.028584,-0.863086,0.930661,-6.852998,-0.895788,0.916952,-6.896030,-0.848225,0.040988,-0.528047,Walking
11.68,0.020000,-5.779696,1.753335,-4.138177,-0.828182,0.949007,-6.811002,-0.863086,0.930661,-6.852998,-0.767067,0.085221,-0.635882,Walking
11.7,0.020000,-4.818622,2.318270,-5.073861,-0.792790,0.972245,-6.768960,-0.828182,0.949007,-6.811002,-0.671581,0.117882,-0.731493,Walking
11.72,0.020000,-3.802817,2.722248,-5.919421,-0.757929,0.999670,-6.727782,-0.792790,0.972245,-6.768960,-0.565332,0.137714,-0.813286,Walking
11.74,0.020000,-2.814149,2.957292,-6.647075,-0.725891,1.030289,-6.687864,-0.757929,0.999670,-6.727782,-0.450152,0.145400,-0.881035,Walking
11.76,0.020000,-1.600533,3.058327,-7.302178,-0.694110,1.063731,-6.650452,-0.725891,1.030289,-6.687864,-0.325141,0.141302,-0.935049,Walking
11.78,0.020000,-0.371835,2.984700,-7.819129,-0.664372,1.098665,-6.615785,-0.694110,1.063731,-6.650452,-0.189470,0.126200,-0.973743,Walking
11.8,0.020000,0.906094,2.627826,-8.242460,-0.637632,1.131370,-6.585631,-0.664372,1.098665,-6.615785,-0.043922,0.101184,-0.993898,Walking
11.82,0.020000,2.277037,2.274092,-8.366032,-0.613199,1.163578,-6.558343,-0.637632,1.131370,-6.585631,0.107579,0.067651,-0.991892,Walking
11.84,0.020000,2.726479,1.199182,-8.581136,-0.602617,1.180129,-6.538895,-0.613199,1.163578,-6.558343,0.223995,0.037885,-0.973854,Walking
11.86,0.020000,2.701530,0.125767,-8.607798,-0.602284,1.176970,-6.522428,-0.602617,1.180129,-6.538895,0.273688,0.028924,-0.961384,Walking
11.88,0.020000,2.709687,0.305701,-8.383439,-0.605505,1.176407,-6.502604,-0.602284,1.176970,-6.522428,0.292635,0.034032,-0.955618,Walking
11.9,0.020000,2.989719,0.105317,-8.328497,-0.606980,1.170002,-6.482981,-0.605505,1.176407,-6.502604,0.312279,0.043382,-0.949000,Walking
11.92,0.020000,3.196556,0.220010,-8.283480,-0.607880,1.163506,-6.463791,-0.606980,1.170002,-6.482981,0.330434,0.055531,-0.942194,Walking
11.94,0.020000,3.443274,0.378208,-8.338926,-0.606650,1.157952,-6.446865,-0.607880,1.163506,-6.463791,0.344727,0.066865,-0.936319,Walking
11.96,0.020000,3.614848,0.512891,-8.301203,-0.604173,1.152790,-6.430182,-0.606650,1.157952,-6.446865,0.355865,0.078591,-0.931227,Walking
11.98,0.020000,3.628962,0.693066,-8.154365,-0.603400,1.148653,-6.411571,-0.604173,1.152790,-6.430182,0.365982,0.091737,-0.926089,Walking
12,0.020000,3.780066,0.905717,-8.083232,-0.601510,1.146408,-6.392551,-0.603400,1.148653,-6.411571,0.375694,0.103764,-0.920916,Walking
12.02,0.020000,3.838004,1.080192,-8.028751,-0.600011,1.146014,-6.373276,-0.601510,1.146408,-6.392551,0.383594,0.112122,-0.916670,Walking
12.04,0.020000,3.738901,1.134905,-7.963813,-0.600983,1.146298,-6.352958,-0.600011,1.146014,-6.373276,0.386087,0.114241,-0.915361,Walking
12.06,0.020000,3.779968,1.418591,-8.047905,-0.600664,1.153685,-6.333952,-0.600983,1.146298,-6.352958,0.383691,0.106955,-0.917247,Walking
12.08,0.020000,3.730324,1.350986,-8.064679,-0.600460,1.162700,-6.314595,-0.600664,1.153685,-6.333952,0.379217,0.091770,-0.920746,Walking
12.1,0.020000,3.698251,1.123679,-7.996374,-0.600067,1.171420,-6.293160,-0.600460,1.162700,-6.314595,0.374985,0.070095,-0.924377,Walking
12.12,0.020000,3.694618,0.774027,-7.972704,-0.599212,1.177882,-6.270739,-0.600067,1.171420,-6.293160,0.372259,0.045971,-0.926990,Walking
12.14,0.020000,3.739830,0.407407,-7.866496,-0.597304,1.180915,-6.245983,-0.599212,1.177882,-6.270739,0.371503,0.026070,-0.928066,Walking
12.16,0.020000,3.733376,0.178284,-7.921989,-0.595403,1.181941,-6.222232,-0.597304,1.180915,-6.245983,0.370879,0.012942,-0.928591,Walking
12.18,0.020000,3.702672,0.070068,-8.009501,-0.593601,1.182213,-6.200014,-0.595403,1.181941,-6.222232,0.368252,0.005760,-0.929708,Walking
12.2,0.020000,3.521032,0.218005,-8.326714,-0.593168,1.186631,-6.183256,-0.593601,1.182213,-6.200014,0.356719,-0.000298,-0.934212,Walking
12.22,0.020000,3.245403,0.231038,-8.452403,-0.594251,1.192489,-6.167539,-0.593168,1.186631,-6.183256,0.336346,-0.006305,-0.941718,Walking
12.24,0.020000,2.996713,0.173049,-8.629137,-0.596012,1.197826,-6.153883,-0.594251,1.192489,-6.167539,0.314451,-0.009564,-0.949226,Walking
12.26,0.020000,2.800324,-0.001514,-8.735011,-0.597949,1.199197,-6.141140,-0.596012,1.197826,-6.153883,0.295326,-0.007143,-0.955370,Walking
12.28,0.020000,2.675071,-0.044603,-8.798441,-0.599727,1.198099,-6.128858,-0.597949,1.199197,-6.141140,0.281751,0.001049,-0.959487,Walking
12.3,0.020000,2.736018,-0.036241,-8.713930,-0.598827,1.194738,-6.114480,-0.599727,1.198099,-6.128858,0.274314,0.013438,-0.961546,Walking
12.32,0.020000,2.613460,0.074697,-8.700142,-0.600411,1.190517,-6.099906,-0.598827,1.194738,-6.114480,0.274484,0.029129,-0.961151,Walking
12.34,0.020000,2.743855,0.170830,-8.582198,-0.601369,1.184529,-6.083697,-0.600411,1.190517,-6.099906,0.284581,0.047934,-0.957453,Walking
12.36,0.020000,3.027461,0.261830,-8.442360,-0.601969,1.175623,-6.066655,-0.601369,1.184529,-6.083697,0.311668,0.072084,-0.947453,Walking
12.38,0.020000,3.561155,0.369623,-8.305210,-0.600139,1.163185,-6.050314,-0.601969,1.175623,-6.066655,0.353685,0.101070,-0.929888,Walking
12.4,0.020000,3.900440,0.901732,-8.074028,-0.598811,1.157608,-6.032751,-0.600139,1.163185,-6.050314,0.390833,0.120348,-0.912560,Walking
12.42,0.020000,3.992357,1.046852,-8.003186,-0.600391,1.153762,-6.016038,-0.598811,1.157608,-6.032751,0.415020,0.126313,-0.901001,Walking
12.44,0.020000,4.137552,1.133986,-7.868125,-0.601684,1.151694,-5.997849,-0.600391,1.153762,-6.016038,0.428357,0.126136,-0.894762,Walking
12.46,0.020000,4.253509,1.036202,-7.730377,-0.602017,1.148573,-5.977435,-0.601684,1.151694,-5.997849,0.435286,0.121535,-0.892051,Walking
12.48,0.020000,4.399114,0.943951,-7.589016,-0.601000,1.144622,-5.954831,-0.602017,1.148573,-5.977435,0.443249,0.116361,-0.888814,Walking
12.5,0.020000,4.373941,1.194480,-7.664676,-0.600652,1.148415,-5.933485,-0.601000,1.144622,-5.954831,0.444091,0.102428,-0.890108,Walking
12.52,0.020000,4.315368,0.973620,-7.670948,-0.600152,1.152027,-5.911177,-0.600652,1.148415,-5.933485,0.437348,0.080837,-0.895652,Walking
12.54,0.020000,4.249114,0.783946,-7.820750,-0.599697,1.155531,-5.890953,-0.600152,1.152027,-5.911177,0.430821,0.062056,-0.900301,Walking
12.56,0.020000,4.219192,0.558635,-7.946949,-0.599190,1.156837,-5.872799,-0.599697,1.155531,-5.890953,0.427506,0.050289,-0.902613,Walking
12.58,0.020000,4.221647,0.456735,-7.962109,-0.598850,1.156895,-5.855009,-0.599190,1.156837,-5.872799,0.428611,0.046260,-0.902304,Walking
12.6,0.020000,4.275557,0.332513,-7.995642,-0.598170,1.154658,-5.838233,-0.598850,1.156895,-5.855009,0.432371,0.045300,-0.900557,Walking
12.62,0.020000,4.329275,0.327391,-7.958415,-0.597314,1.152310,-5.821146,-0.598170,1.154658,-5.838233,0.436949,0.045338,-0.898343,Walking
12.64,0.020000,4.373174,0.307169,-7.941174,-0.596286,1.149251,-5.804076,-0.597314,1.152310,-5.821146,0.440545,0.046904,-0.896505,Walking
12.66,0.020000,4.574123,0.469794,-7.781570,-0.591191,1.148249,-5.783856,-0.596286,1.149251,-5.804076,0.440305,0.052995,-0.896283,Walking
12.68,0.020000,4.341269,0.534213,-7.994104,-0.589748,1.146307,-5.767543,-0.591191,1.148249,-5.783856,0.435180,0.064357,-0.898041,Walking
12.7,0.020000,4.233850,0.672818,-8.152143,-0.588862,1.144804,-5.753809,-0.589748,1.146307,-5.767543,0.427070,0.076243,-0.900999,Walking
12.72,0.020000,4.120218,0.743378,-8.199240,-0.588670,1.142909,-5.740440,-0.588862,1.144804,-5.753809,0.419025,0.085438,-0.903946,Walking
12.74,0.020000,4.217469,0.962698,-8.078284,-0.585803,1.144459,-5.724406,-0.588670,1.142909,-5.740440,0.415305,0.090235,-0.905196,Walking
12.76,0.020000,4.392335,0.979269,-7.919527,-0.579521,1.146641,-5.705205,-0.585803,1.144459,-5.724406,0.415719,0.088703,-0.905157,Walking
12.78,0.020000,4.169337,0.849443,-7.943154,-0.578111,1.147546,-5.686542,-0.579521,1.146641,-5.705205,0.417825,0.081974,-0.904822,Walking
12.8,0.020000,4.114621,0.771525,-7.926691,-0.577431,1.148810,-5.667219,-0.578111,1.147546,-5.686542,0.415965,0.072206,-0.906510,Walking
12.82,0.020000,3.865708,0.870601,-8.224424,-0.580128,1.153993,-5.652981,-0.577431,1.148810,-5.667219,0.407802,0.062329,-0.910941,Walking
12.84,0.020000,3.879212,0.649659,-8.102556,-0.579941,1.155987,-5.635078,-0.580128,1.153993,-5.652981,0.394482,0.056064,-0.917192,Walking
12.86,0.020000,3.800920,0.593502,-8.073050,-0.578239,1.157247,-5.615270,-0.579941,1.155987,-5.635078,0.378781,0.054075,-0.923905,Walking
12.88,0.020000,3.614143,0.618491,-8.241077,-0.577476,1.158864,-5.597707,-0.578239,1.157247,-5.615270,0.364524,0.054808,-0.929580,Walking
12.9,0.020000,3.490601,0.629393,-8.233031,-0.577603,1.160601,-5.579379,-0.577476,1.158864,-5.597707,0.356468,0.055302,-0.932670,Walking
12.92,0.020000,3.456566,0.639679,-8.241828,-0.577844,1.163142,-5.560975,-0.577603,1.160601,-5.579379,0.353581,0.052255,-0.933943,Walking
12.94,0.020000,3.413614,0.643292,-8.270071,-0.578038,1.167771,-5.542695,-0.577844,1.163142,-5.560975,0.348959,0.041981,-0.936197,Walking
12.96,0.020000,3.361295,0.611325,-8.361126,-0.577723,1.175212,-5.525541,-0.578038,1.167771,-5.542695,0.341035,0.024393,-0.939734,Walking
12.98,0.020000,3.247480,0.445340,-8.418075,-0.577495,1.183511,-5.508687,-0.577723,1.175212,-5.525541,0.329875,0.003095,-0.944020,Walking
13,0.020000,3.158629,0.237591,-8.505395,-0.577068,1.190760,-5.492915,-0.577495,1.183511,-5.508687,0.319806,-0.012726,-0.947398,Walking
13.02,0.020000,3.055705,-0.075945,-8.448528,-0.577473,1.193121,-5.475620,-0.577068,1.190760,-5.492915,0.313553,-0.019775,-0.949365,Walking
13.04,0.020000,3.064784,-0.295903,-8.516039,-0.577396,1.191253,-5.459580,-0.577473,1.193121,-5.475620,0.312021,-0.020643,-0.949851,Walking
13.06,0.020000,3.067226,-0.312286,-8.469813,-0.577414,1.188280,-5.442648,-0.577396,1.191253,-5.459580,0.312755,-0.016679,-0.949688,Walking
13.08,0.020000,3.028178,-0.293515,-8.397473,-0.578102,1.184691,-5.424217,-0.577414,1.188280,-5.442648,0.312193,-0.011629,-0.949948,Walking
13.1,0.020000,3.001104,-0.221385,-8.330148,-0.579262,1.181420,-5.404408,-0.578102,1.184691,-5.424217,0.311835,-0.005894,-0.950118,Walking
13.12,0.020000,3.008825,-0.208090,-8.326881,-0.580581,1.177109,-5.384631,-0.579262,1.181420,-5.404408,0.313433,0.000761,-0.949610,Walking
13.14,0.020000,3.092440,-0.210285,-8.064675,-0.581307,1.171085,-5.359980,-0.580581,1.177109,-5.384631,0.318931,0.009268,-0.947733,Walking
13.16,0.020000,3.191192,-0.119280,-8.235360,-0.581882,1.164621,-5.339402,-0.581307,1.171085,-5.359980,0.328232,0.020787,-0.944369,Walking
13.18,0.020000,3.259798,0.063327,-8.230611,-0.583236,1.159016,-5.319574,-0.581882,1.164621,-5.339402,0.339195,0.035023,-0.940064,Walking
13.2,0.020000,3.401090,0.225799,-8.247777,-0.584095,1.153623,-5.301085,-0.583236,1.159016,-5.319574,0.351074,0.050502,-0.934985,Walking
13.22,0.020000,3.563600,0.354301,-8.218407,-0.583841,1.147677,-5.283023,-0.584095,1.153623,-5.301085,0.361970,0.066425,-0.929820,Walking
13.24,0.020000,3.646183,0.469423,-8.193478,-0.583282,1.140839,-5.265248,-0.583841,1.147677,-5.283023,0.368827,0.082703,-0.925812,Walking
13.26,0.020000,3.806737,0.759456,-8.326101,-0.579809,1.136674,-5.250552,-0.583282,1.140839,-5.265248,0.370345,0.098644,-0.923642,Walking
13.28,0.020000,3.670072,0.893882,-8.223910,-0.578543,1.132229,-5.233943,-0.579809,1.136674,-5.250552,0.367667,0.113774,-0.922972,Walking
13.3,0.020000,3.679525,1.217338,-8.312040,-0.576051,1.132026,-5.218975,-0.578543,1.132229,-5.233943,0.362377,0.125129,-0.923594,Walking
13.32,0.020000,3.539461,1.206068,-8.226088,-0.575281,1.130303,-5.202046,-0.576051,1.132026,-5.218975,0.356874,0.131721,-0.924819,Walking
13.34,0.020000,3.524354,1.326120,-8.260592,-0.574308,1.130444,-5.185692,-0.575281,1.130303,-5.202046,0.354303,0.134464,-0.925413,Walking
13.36,0.020000,3.566385,1.334757,-8.216933,-0.572990,1.131226,-5.168588,-0.574308,1.130444,-5.185692,0.356826,0.132076,-0.924787,Walking
13.38,0.020000,3.443368,1.245961,-8.148951,-0.575540,1.131451,-5.150502,-0.572990,1.131226,-5.168588,0.364003,0.125862,-0.922855,Walking
13.4,0.020000,3.730104,1.190952,-8.104825,-0.574287,1.132148,-5.132101,-0.575540,1.131451,-5.150502,0.373848,0.117849,-0.919972,Walking
13.42,0.020000,3.883631,1.115245,-8.090971,-0.571899,1.132928,-5.114022,-0.574287,1.132148,-5.132101,0.383718,0.109710,-0.916910,Walking
13.44,0.020000,3.963814,1.043505,-8.089923,-0.569172,1.133638,-5.096298,-0.571899,1.132928,-5.114022,0.390157,0.102752,-0.914997,Walking
13.46,0.020000,4.118323,1.123351,-8.140444,-0.563223,1.137067,-5.079406,-0.569172,1.133638,-5.096298,0.389486,0.097031,-0.915907,Walking
13.48,0.020000,3.904008,1.004649,-8.216858,-0.560013,1.139109,-5.063291,-0.563223,1.137067,-5.079406,0.381603,0.092004,-0.919736,Walking
13.5,0.020000,3.769464,1.047718,-8.362176,-0.557279,1.142874,-5.049095,-0.560013,1.139109,-5.063291,0.370313,0.087615,-0.924766,Walking
13.52,0.020000,3.559633,0.783677,-8.589080,-0.556506,1.142093,-5.038491,-0.557279,1.142874,-5.049095,0.358919,0.083864,-0.929593,Walking
13.54,0.020000,3.497442,0.851507,-8.522457,-0.555254,1.143272,-5.025844,-0.556506,1.142093,-5.038491,0.350135,0.080792,-0.933209,Walking
13.56,0.020000,3.417622,0.853188,-8.515257,-0.554354,1.144895,-5.012557,-0.555254,1.143272,-5.025844,0.343794,0.078698,-0.935742,Walking
13.58,0.020000,3.402743,1.017916,-8.522180,-0.552712,1.150066,-4.999008,-0.554354,1.144895,-5.012557,0.338496,0.077409,-0.937778,Walking
13.6,0.020000,3.298477,0.838836,-8.566313,-0.552182,1.152124,-4.985956,-0.552712,1.150066,-4.999008,0.333536,0.075017,-0.939748,Walking
13.62,0.020000,3.256679,0.785789,-8.595132,-0.551598,1.153869,-4.973108,-0.552182,1.152124,-4.985956,0.328997,0.071207,-0.941643,Walking
13.64,0.020000,3.221977,0.663771,-8.692719,-0.551068,1.153943,-4.961934,-0.551598,1.153869,-4.973108,0.325739,0.067287,-0.943062,Walking
13.66,0.020000,3.194940,0.609041,-8.705118,-0.550773,1.153558,-4.950858,-0.551068,1.153943,-4.961934,0.324179,0.064042,-0.943826,Walking
13.68,0.020000,3.144864,0.534813,-8.439439,-0.551426,1.152099,-4.934422,-0.550773,1.153558,-4.950858,0.323906,0.061954,-0.944059,Walking
13.7,0.020000,3.195601,0.530161,-8.634533,-0.551072,1.150404,-4.921901,-0.551426,1.152099,-4.934422,0.323947,0.062683,-0.943996,Walking
13.72,0.020000,3.221073,0.530431,-8.596663,-0.550239,1.148047,-4.908678,-0.551072,1.150404,-4.921901,0.324100,0.066084,-0.943712,Walking
13.74,0.020000,3.253546,0.532508,-8.490715,-0.548930,1.144920,-4.893454,-0.550239,1.148047,-4.908678,0.324984,0.070222,-0.943109,Walking
13.76,0.020000,3.273970,0.746247,-8.340495,-0.547564,1.145211,-4.875413,-0.548930,1.144920,-4.893454,0.326771,0.074584,-0.942156,Walking
13.78,0.020000,3.317902,0.591928,-8.283031,-0.545792,1.141638,-4.856451,-0.547564,1.145211,-4.875413,0.329188,0.078549,-0.940992,Walking
13.8,0.020000,3.461432,0.578860,-8.086229,-0.541624,1.136972,-4.833791,-0.545792,1.141638,-4.856451,0.331600,0.082790,-0.939781,Walking
13.82,0.020000,3.360677,0.750465,-8.167863,-0.539827,1.134857,-4.812969,-0.541624,1.136972,-4.833791,0.333418,0.087283,-0.938730,Walking
13.84,0.020000,3.339699,0.864408,-8.166295,-0.538563,1.134220,-4.792233,-0.539827,1.134857,-4.812969,0.333999,0.091362,-0.938135,Walking
13.86,0.020000,3.352453,0.948935,-8.225584,-0.537178,1.134497,-4.772807,-0.538563,1.134220,-4.792233,0.334676,0.095316,-0.937500,Walking
13.88,0.020000,3.373330,0.973716,-8.241828,-0.535775,1.134454,-4.753934,-0.537178,1.134497,-4.772807,0.336715,0.099480,-0.936337,Walking
13.9,0.020000,3.436555,1.019680,-8.239267,-0.534022,1.134315,-4.735453,-0.535775,1.134454,-4.753934,0.341376,0.104650,-0.934083,Walking
13.92,0.020000,3.494792,1.087010,-8.199627,-0.532377,1.134412,-4.716776,-0.534022,1.134315,-4.735453,0.347867,0.110312,-0.931032,Walking
13.94,0.020000,3.543131,1.141315,-8.154765,-0.530856,1.134740,-4.697718,-0.532377,1.134412,-4.716776,0.353421,0.114669,-0.928410,Walking
13.96,0.020000,3.538215,1.162428,-8.118209,-0.530131,1.134762,-4.678287,-0.530856,1.134740,-4.697718,0.356982,0.118383,-0.926579,Walking
13.98,0.020000,3.568310,1.211035,-8.131208,-0.529089,1.134951,-4.659331,-0.530131,1.134762,-4.678287,0.358431,0.122487,-0.925486,Walking
14,0.020000,3.643120,1.283490,-8.198476,-0.526634,1.135836,-4.641853,-0.529089,1.134951,-4.659331,0.358853,0.126322,-0.924807,Walking
14.02,0.020000,3.646399,1.263148,-8.293911,-0.524123,1.135916,-4.626344,-0.526634,1.135836,-4.641853,0.358905,0.128355,-0.924507,Walking
14.04,0.020000,3.637009,1.309402,-8.249694,-0.521787,1.137342,-4.609886,-0.524123,1.135916,-4.626344,0.358840,0.126210,-0.924827,Walking
14.06,0.020000,3.631888,1.377648,-8.093989,-0.519305,1.141676,-4.590015,-0.521787,1.137342,-4.609886,0.357569,0.118340,-0.926358,Walking
14.08,0.020000,3.615265,1.223173,-8.197728,-0.516539,1.145311,-4.571692,-0.519305,1.141676,-4.590015,0.354435,0.106162,-0.929035,Walking
14.1,0.020000,3.579379,1.208329,-8.000847,-0.513760,1.151379,-4.548865,-0.516539,1.145311,-4.571692,0.350703,0.092247,-0.931932,Walking
14.12,0.020000,3.554410,1.022781,-8.048170,-0.510891,1.156110,-4.526543,-0.513760,1.151379,-4.548865,0.347706,0.080142,-0.934172,Walking
14.14,0.020000,3.532541,0.736990,-8.207747,-0.508274,1.156233,-4.507253,-0.510891,1.156110,-4.526543,0.346756,0.074501,-0.934992,Walking
14.16,0.020000,3.503057,0.684821,-8.314780,-0.506146,1.154662,-4.490119,-0.508274,1.156233,-4.507253,0.346242,0.077813,-0.934913,Walking
14.18,0.020000,3.504074,0.580096,-8.532236,-0.503575,1.148974,-4.477357,-0.506146,1.154662,-4.490119,0.344089,0.088129,-0.934792,Walking
14.2,0.020000,3.461414,0.947624,-8.502433,-0.501425,1.147628,-4.464149,-0.503575,1.148974,-4.477357,0.341891,0.103454,-0.934028,Walking
14.22,0.020000,3.467786,1.100291,-8.503046,-0.499043,1.145755,-4.451348,-0.501425,1.147628,-4.464149,0.341352,0.121706,-0.932023,Walking
14.24,0.020000,3.521023,1.433295,-8.380520,-0.496201,1.146790,-4.436848,-0.499043,1.145755,-4.451348,0.344437,0.140831,-0.928187,Walking
14.26,0.020000,3.649304,1.414631,-8.416769,-0.491912,1.143780,-4.424089,-0.496201,1.146790,-4.436848,0.350140,0.159549,-0.923009,Walking
14.28,0.020000,3.698339,1.608554,-8.375856,-0.487776,1.141263,-4.411564,-0.491912,1.143780,-4.424089,0.355914,0.176800,-0.917642,Walking
14.3,0.020000,3.652789,1.885343,-8.306519,-0.485015,1.141939,-4.398302,-0.487776,1.141263,-4.411564,0.358281,0.188739,-0.914337,Walking
14.32,0.020000,3.344179,1.902697,-8.360630,-0.488106,1.141741,-4.386253,-0.485015,1.141939,-4.398302,0.356653,0.194964,-0.913667,Walking
14.34,0.020000,3.522156,1.978753,-8.243832,-0.486947,1.142370,-4.371748,-0.488106,1.141741,-4.386253,0.353128,0.198500,-0.914275,Walking
14.36,0.020000,3.517378,1.948270,-8.190209,-0.484960,1.142089,-4.355884,-0.486947,1.142370,-4.371748,0.348424,0.200034,-0.915744,Walking
14.38,0.020000,3.792282,1.869553,-8.196540,-0.476568,1.139986,-4.339857,-0.484960,1.142089,-4.355884,0.343800,0.201296,-0.917214,Walking
14.4,0.020000,3.419854,1.852143,-8.153796,-0.475145,1.137082,-4.322897,-0.476568,1.139986,-4.339857,0.341358,0.203602,-0.917617,Walking
14.42,0.020000,3.385599,1.868204,-8.086186,-0.474465,1.133728,-4.304778,-0.475145,1.137082,-4.322897,0.341653,0.207530,-0.916627,Walking
14.44,0.020000,3.411583,1.836766,-8.059522,-0.473665,1.128693,-4.286518,-0.474465,1.133728,-4.304778,0.343687,0.212901,-0.914632,Walking
14.46,0.020000,3.465133,1.889587,-8.013611,-0.472379,1.123293,-4.267897,-0.473665,1.128693,-4.286518,0.346671,0.220142,-0.911788,Walking
14.48,0.020000,3.313331,1.921713,-8.026680,-0.474651,1.116845,-4.250154,-0.472379,1.123293,-4.267897,0.349327,0.228758,-0.908648,Walking
14.5,0.020000,3.485461,2.182875,-7.946678,-0.473178,1.113936,-4.231127,-0.474651,1.116845,-4.250154,0.347789,0.237339,-0.907035,Walking
14.52,0.020000,3.443030,2.293302,-7.945045,-0.471235,1.111959,-4.211906,-0.473178,1.113936,-4.231127,0.341069,0.243847,-0.907860,Walking
14.54,0.020000,3.290863,2.397299,-7.977549,-0.470374,1.111721,-4.192702,-0.471235,1.111959,-4.211906,0.331071,0.245589,-0.911086,Walking
14.56,0.020000,3.245026,2.386582,-8.003288,-0.468574,1.112217,-4.173098,-0.470374,1.111721,-4.192702,0.321616,0.240754,-0.915752,Walking
14.58,0.020000,3.289193,2.316623,-8.061883,-0.464829,1.113247,-4.153799,-0.468574,1.112217,-4.173098,0.316201,0.230899,-0.920164,Walking
14.6,0.020000,3.277541,2.176587,-8.123062,-0.460589,1.113930,-4.134878,-0.464829,1.113247,-4.153799,0.312490,0.218392,-0.924476,Walking
14.62,0.020000,3.176755,2.081687,-8.169994,-0.457643,1.115366,-4.116048,-0.460589,1.113930,-4.134878,0.308815,0.204881,-0.928793,Walking
14.64,0.020000,3.107007,1.987700,-8.228191,-0.455191,1.117592,-4.097518,-0.457643,1.115366,-4.116048,0.304219,0.191273,-0.933202,Walking
14.66,0.020000,3.110883,1.959435,-8.327596,-0.451685,1.122098,-4.080101,-0.455191,1.117592,-4.097518,0.299247,0.176774,-0.937658,Walking
14.68,0.020000,3.066688,1.852199,-8.380708,-0.448157,1.127534,-4.062908,-0.451685,1.122098,-4.080101,0.294623,0.161100,-0.941936,Walking
14.7,0.020000,2.909616,1.681418,-8.382246,-0.446793,1.132352,-4.044986,-0.448157,1.127534,-4.062908,0.289646,0.146844,-0.945803,Walking
14.72,0.020000,2.854636,1.545456,-8.422631,-0.445468,1.136815,-4.027200,-0.446793,1.132352,-4.044986,0.284240,0.134790,-0.949231,Walking
14.74,0.020000,2.789446,1.364763,-8.408765,-0.444430,1.139790,-4.008545,-0.445468,1.136815,-4.027200,0.279055,0.123956,-0.952241,Walking
14.76,0.020000,2.756060,1.258367,-8.473030,-0.443122,1.142388,-3.990685,-0.444430,1.139790,-4.008545,0.274279,0.115034,-0.954745,Walking
14.78,0.020000,2.726008,1.191393,-8.539365,-0.441574,1.145077,-3.973745,-0.443122,1.142388,-3.990685,0.269993,0.107737,-0.956816,Walking
14.8,0.020000,2.715517,1.172161,-8.639014,-0.439574,1.148394,-3.958502,-0.441574,1.145077,-3.973745,0.266616,0.102584,-0.958328,Walking
14.82,0.020000,2.592637,1.312576,-8.695902,-0.439416,1.155185,-3.944155,-0.439574,1.148394,-3.958502,0.263476,0.099188,-0.959553,Walking
14.84,0.020000,2.531431,1.312585,-8.738501,-0.439579,1.162553,-3.930357,-0.439416,1.155185,-3.944155,0.258880,0.096243,-0.961103,Walking
14.86,0.020000,2.524670,1.106447,-8.734947,-0.438652,1.166626,-3.916081,-0.439579,1.162553,-3.930357,0.252632,0.092029,-0.963176,Walking
14.88,0.020000,2.433954,1.045181,-8.762969,-0.438124,1.170764,-3.901880,-0.438652,1.166626,-3.916081,0.245415,0.085450,-0.965645,Walking
14.9,0.020000,2.435703,0.744521,-8.842023,-0.436434,1.170469,-3.888846,-0.438124,1.170764,-3.901880,0.239674,0.077402,-0.967763,Walking
14.92,0.020000,2.310971,0.862547,-8.762984,-0.436454,1.174262,-3.873908,-0.436434,1.170469,-3.888846,0.235680,0.068592,-0.969407,Walking
14.94,0.020000,2.097607,0.724781,-8.430795,-0.439929,1.177078,-3.852013,-0.436454,1.174262,-3.873908,0.231531,0.059527,-0.971005,Walking
14.96,0.020000,2.250578,0.636221,-8.691932,-0.439912,1.179619,-3.835152,-0.439929,1.177078,-3.852013,0.229332,0.051905,-0.971963,Walking
14.98,0.020000,2.508931,0.577683,-8.742077,-0.434899,1.182014,-3.819283,-0.439912,1.179619,-3.835152,0.230202,0.046682,-0.972023,Walking
15,0.020000,2.417190,0.511166,-8.571430,-0.432228,1.183725,-3.800091,-0.434899,1.182014,-3.819283,0.232785,0.043383,-0.971560,Walking
15.02,0.020000,2.391376,0.473811,-8.510936,-0.430393,1.185152,-3.779747,-0.432228,1.183725,-3.800091,0.234416,0.041027,-0.971270,Walking
15.04,0.020000,2.409451,0.459929,-8.443727,-0.427550,1.186864,-3.757880,-0.430393,1.185152,-3.779747,0.231125,0.038159,-0.972176,Walking
15.06,0.020000,2.092948,0.312174,-8.422773,-0.428887,1.186359,-3.735069,-0.427550,1.186864,-3.757880,0.220161,0.034393,-0.974857,Walking
15.08,0.020000,2.209244,0.411091,-8.427227,-0.424451,1.188711,-3.711572,-0.428887,1.186359,-3.735069,0.202596,0.029920,-0.978805,Walking
15.1,0.020000,1.985716,0.431317,-8.731722,-0.420891,1.191600,-3.693452,-0.424451,1.188711,-3.711572,0.184274,0.029242,-0.982440,Walking
15.12,0.020000,1.881047,0.251845,-8.608780,-0.416517,1.189892,-3.672382,-0.420891,1.191600,-3.693452,0.169455,0.034378,-0.984938,Walking
15.14,0.020000,1.872341,0.385115,-8.555764,-0.410586,1.188763,-3.650047,-0.416517,1.189892,-3.672382,0.160629,0.045009,-0.985988,Walking
15.16,0.020000,1.724555,0.502387,-8.727983,-0.406994,1.187016,-3.631214,-0.410586,1.188763,-3.650047,0.157491,0.060119,-0.985689,Walking
15.18,0.020000,1.660279,0.647542,-8.816591,-0.404598,1.184957,-3.614363,-0.406994,1.187016,-3.631214,0.157031,0.076502,-0.984626,Walking
15.2,0.020000,1.598757,0.861073,-8.882816,-0.403445,1.184108,-3.599099,-0.404598,1.184957,-3.614363,0.157092,0.092102,-0.983280,Walking
15.22,0.020000,1.595522,0.951037,-8.917706,-0.402259,1.182429,-3.584783,-0.403445,1.184108,-3.599099,0.156600,0.105504,-0.982011,Walking
15.24,0.020000,1.564228,1.035240,-8.964995,-0.401531,1.180403,-3.571614,-0.402259,1.182429,-3.584783,0.155741,0.115852,-0.980981,Walking
15.26,0.020000,1.523195,1.111148,-8.926367,-0.401308,1.178770,-3.557760,-0.401531,1.180403,-3.571614,0.154132,0.121593,-0.980540,Walking
15.28,0.020000,1.486949,1.183883,-8.911259,-0.401351,1.178223,-3.543577,-0.401308,1.178770,-3.557760,0.151798,0.123468,-0.980670,Walking
15.3,0.020000,1.528800,1.166738,-8.782628,-0.399686,1.178048,-3.526602,-0.401351,1.178223,-3.543577,0.147354,0.119827,-0.981798,Walking
15.32,0.020000,1.339963,1.172621,-8.793401,-0.400442,1.179611,-3.509451,-0.399686,1.178048,-3.526602,0.140441,0.111566,-0.983783,Walking
15.34,0.020000,1.273203,1.105046,-8.766829,-0.400833,1.181656,-3.491336,-0.400442,1.179611,-3.509451,0.131781,0.102220,-0.985994,Walking
15.36,0.020000,1.230197,1.026511,-8.823764,-0.400831,1.184131,-3.473999,-0.400833,1.181656,-3.491336,0.125394,0.092027,-0.987830,Walking
15.38,0.020000,1.022330,0.755548,-8.891408,-0.404749,1.183232,-3.457804,-0.400831,1.184131,-3.473999,0.124181,0.081601,-0.988899,Walking
15.4,0.020000,1.302451,0.817372,-8.856142,-0.404237,1.186130,-3.440862,-0.404749,1.183232,-3.457804,0.130158,0.068547,-0.989121,Walking
15.42,0.020000,1.468385,0.593052,-8.805203,-0.402811,1.187613,-3.423043,-0.404237,1.186130,-3.440862,0.142416,0.052898,-0.988392,Walking
15.44,0.020000,1.625527,0.368112,-8.698376,-0.401146,1.187703,-3.403388,-0.402811,1.187613,-3.423043,0.157212,0.037065,-0.986869,Walking
15.46,0.020000,1.718629,0.217471,-8.714296,-0.400339,1.187571,-3.384418,-0.401146,1.187703,-3.403388,0.171080,0.022841,-0.984992,Walking
15.48,0.020000,1.939724,0.388223,-8.622894,-0.397049,1.193114,-3.363928,-0.400339,1.187571,-3.384418,0.180959,0.011321,-0.983426,Walking
15.5,0.020000,1.843732,0.135170,-8.893025,-0.396691,1.195315,-3.349017,-0.397049,1.193114,-3.363928,0.186121,0.002562,-0.982524,Walking
15.52,0.020000,1.638001,-0.183986,-9.128223,-0.400837,1.192123,-3.338885,-0.396691,1.195315,-3.349017,0.188105,-0.002488,-0.982146,Walking
15.54,0.020000,1.911871,0.079346,-8.878391,-0.400006,1.194094,-3.323851,-0.400837,1.192123,-3.338885,0.190656,-0.001957,-0.981655,Walking
15.56,0.020000,2.084208,0.212600,-8.732983,-0.396250,1.197231,-3.306015,-0.400006,1.194094,-3.323851,0.193311,0.005685,-0.981121,Walking
15.58,0.020000,2.044328,0.307599,-8.783990,-0.393731,1.199763,-3.289317,-0.396250,1.197231,-3.306015,0.195552,0.018449,-0.980520,Walking
15.6,0.020000,2.058700,0.048598,-8.769505,-0.392644,1.195280,-3.272724,-0.393731,1.199763,-3.289317,0.204321,0.027804,-0.978509,Walking
15.62,0.020000,9.397208,0.329372,-0.505609,-0.375523,1.229972,-3.190508,-0.392644,1.195280,-3.272724,0.870658,-0.143239,-0.470571,Fall
15.64,0.020000,7.124496,-5.197221,-3.413501,-0.428768,1.128048,-3.245444,-0.375523,1.229972,-3.190508,0.997636,-0.010285,-0.067954,Fall
15.66,0.020000,4.667328,0.839397,-7.804012,-0.456480,1.156377,-3.247557,-0.428768,1.128048,-3.245444,0.617015,-0.058823,-0.784750,Fall
15.68,0.020000,-0.340060,-6.374757,-6.210555,-0.475804,1.144658,-3.213865,-0.456480,1.156377,-3.247557,0.063828,-0.590092,-0.804809,Fall
15.7,0.020000,-6.172204,-8.903994,-6.651479,-0.532461,1.088741,-3.208657,-0.475804,1.144658,-3.213865,-0.340412,-0.622650,-0.704575,Fall
15.72,0.020000,-6.285135,-2.952202,-5.144143,-0.551504,1.097998,-3.161697,-0.532461,1.088741,-3.208657,-0.543625,-0.348121,-0.763730,Fall
15.74,0.020000,-7.115427,-3.370562,-6.053488,-0.574134,1.091790,-3.139848,-0.551504,1.097998,-3.161697,-0.609982,-0.311941,-0.728434,Fall
15.76,0.020000,-7.071170,-3.774088,-5.711412,-0.588740,1.085755,-3.121453,-0.574134,1.091790,-3.139848,-0.646369,-0.353962,-0.675958,Fall
15.78,0.020000,-6.741358,-4.489179,-5.494212,-0.599767,1.078582,-3.103496,-0.588740,1.085755,-3.121453,-0.630992,-0.421053,-0.651585,Fall
15.8,0.020000,-6.276256,-5.211418,-4.752275,-0.612091,1.072182,-3.071618,-0.599767,1.078582,-3.103496,-0.576964,-0.498614,-0.646914,Fall
15.82,0.020000,-5.255168,-5.329444,-5.735838,-0.621370,1.077853,-3.057069,-0.612091,1.072182,-3.071618,-0.488406,-0.572173,-0.658847,Fall
15.84,0.020000,-4.134734,-5.934565,-6.065361,-0.631495,1.079651,-3.041589,-0.621370,1.077853,-3.057069,-0.369873,-0.614113,-0.697180,Fall
15.86,0.020000,-2.380849,-6.012424,-6.509845,-0.634380,1.083313,-3.026391,-0.631495,1.079651,-3.041589,-0.227992,-0.631551,-0.741055,Fall
15.88,0.020000,-0.662226,-7.434717,-6.519729,-0.631760,1.054428,-3.002227,-0.634380,1.083313,-3.026391,-0.080859,-0.610654,-0.787759,Fall
15.9,0.020000,-0.389545,-5.190740,-7.136361,-0.636770,1.064129,-2.984952,-0.631760,1.054428,-3.002227,-0.014170,-0.578574,-0.815507,Fall
15.92,0.020000,0.143992,-5.369975,-7.309470,-0.635516,1.066683,-2.968654,-0.636770,1.064129,-2.984952,0.008284,-0.560415,-0.828171,Fall
15.94,0.020000,0.962130,-5.426593,-6.838647,-0.631155,1.070080,-2.944975,-0.635516,1.066683,-2.968654,0.075847,-0.570481,-0.817801,Fall
15.96,0.020000,0.763183,-8.129794,-7.053360,-0.638220,1.026791,-2.931895,-0.631155,1.070080,-2.944975,0.113809,-0.608095,-0.785664,Fall
15.98,0.020000,1.903664,-5.959784,-5.999963,-0.627894,1.033691,-2.904163,-0.638220,1.026791,-2.931895,0.141422,-0.642688,-0.752962,Fall
16,0.020000,1.956254,-7.162718,-6.141530,-0.622048,1.020901,-2.884284,-0.627894,1.033691,-2.904163,0.169615,-0.664958,-0.727366,Fall
16.02,0.020000,1.928548,-7.052499,-6.143128,-0.614183,1.008896,-2.862582,-0.622048,1.020901,-2.884284,0.156506,-0.657722,-0.736823,Fall
16.04,0.019999,0.991705,-7.853409,-6.120495,-0.614577,0.976600,-2.834934,-0.614183,1.008896,-2.862582,0.103100,-0.635930,-0.764829,Fall
16.06,0.020000,0.938553,-6.628153,-6.503297,-0.603907,0.964481,-2.810332,-0.614577,0.976600,-2.834934,0.041289,-0.613886,-0.788315,Fall
16.08,0.020000,0.829725,-6.685152,-6.574352,-0.588143,0.948260,-2.784683,-0.603907,0.964481,-2.810332,0.004238,-0.598789,-0.800896,Fall
16.1,0.020000,0.499196,-6.281755,-6.607353,-0.572191,0.938209,-2.758403,-0.588143,0.948260,-2.784683,-0.030418,-0.589117,-0.807475,Fall
16.12,0.019999,-0.549000,-7.406974,-6.947172,-0.563496,0.902532,-2.737786,-0.572191,0.938209,-2.758403,-0.100281,-0.573192,-0.813262,Fall
16.14,0.020000,-1.014722,-6.066975,-6.764414,-0.548968,0.889214,-2.713032,-0.563496,0.902532,-2.737786,-0.177487,-0.550567,-0.815705,Fall
16.16,0.020000,-1.110228,-5.304633,-6.787638,-0.528917,0.885383,-2.686761,-0.548968,0.889214,-2.713032,-0.215366,-0.521213,-0.825805,Fall
16.18,0.020000,-1.586063,-4.618055,-7.169135,-0.518674,0.884463,-2.661704,-0.528917,0.885383,-2.686761,-0.213884,-0.466062,-0.858510,Fall
16.2,0.019999,-1.516409,-4.413436,-7.645064,-0.520543,0.878433,-2.638762,-0.518674,0.884463,-2.661704,-0.145050,-0.419153,-0.896254,Fall
16.22,0.020000,-0.875180,-4.923926,-7.522829,-0.533359,0.872831,-2.616457,-0.520543,0.878433,-2.638762,-0.023892,-0.473380,-0.880534,Fall
16.24,0.020000,-0.089151,-5.965990,-6.749835,-0.541821,0.872655,-2.595714,-0.533359,0.872831,-2.616457,0.034042,-0.607253,-0.793779,Fall
16.26,0.020000,-0.411047,-7.379786,-7.187093,-0.564059,0.835077,-2.577610,-0.541821,0.872655,-2.595714,0.071437,-0.560747,-0.824900,Fall
16.28,0.019999,0.968567,-9.411655,-8.393696,-0.549202,0.747031,-2.576849,-0.564059,0.835077,-2.577610,0.023003,-0.510604,-0.859508,Fall
16.3,0.020000,-1.843878,-7.248753,-7.059209,-0.568775,0.713567,-2.557533,-0.549202,0.747031,-2.576849,-0.088200,-0.568358,-0.818040,Fall
16.32,0.020000,-2.739438,-7.905029,-6.351213,-0.598658,0.672724,-2.529236,-0.568775,0.713567,-2.557533,-0.126946,-0.597648,-0.791645,Fall
16.34,0.020000,-1.927994,-9.401098,-6.604979,-0.604232,0.609707,-2.513755,-0.598658,0.672724,-2.529236,-0.168122,-0.637139,-0.752189,Fall
16.36,0.019999,-2.337181,-8.358593,-7.033690,-0.611694,0.556557,-2.499668,-0.604232,0.609707,-2.513755,-0.200207,-0.581133,-0.788797,Fall
16.38,0.020000,-2.231693,-8.664373,-9.090123,-0.602652,0.472240,-2.515046,-0.611694,0.556557,-2.499668,-0.273580,-0.453478,-0.848241,Fall
16.4,0.020000,-2.834172,-3.876194,-7.864733,-0.610101,0.493695,-2.510249,-0.602652,0.472240,-2.515046,-0.250941,-0.504473,-0.826157,Fall
16.42,0.020000,-1.706362,-6.393488,-8.771255,-0.614661,0.467592,-2.520557,-0.610101,0.493695,-2.510249,-0.150699,-0.518694,-0.841574,Fall
16.44,0.020000,-0.814520,-2.385915,-9.204168,-0.613035,0.481007,-2.519071,-0.614661,0.467592,-2.520557,-0.091314,-0.311587,-0.945820,Fall
16.46,0.019999,-0.455105,-1.626055,-10.094280,-0.606729,0.472824,-2.526882,-0.613035,0.481007,-2.519071,-0.078535,-0.124041,-0.989164,Fall
16.48,0.020000,-1.102436,-1.036339,-10.208740,-0.607968,0.459135,-2.536090,-0.606729,0.472824,-2.526882,-0.106067,-0.035871,-0.993712,Fall
16.5,0.020000,-1.770442,-1.047851,-9.634645,-0.625007,0.451532,-2.533902,-0.607968,0.459135,-2.536090,-0.093631,-0.068068,-0.993277,Fall
16.52,0.020000,-1.672896,-1.544120,-9.510527,-0.639714,0.450472,-2.531101,-0.625007,0.451532,-2.533902,-0.095569,-0.151999,-0.983749,Fall
16.54,0.019999,-1.556479,-2.144333,-8.961493,-0.647412,0.456149,-2.521686,-0.639714,0.450472,-2.531101,-0.119423,-0.247521,-0.961494,Fall
16.56,0.020000,-1.633781,-2.765308,-8.512040,-0.653711,0.461617,-2.507251,-0.647412,0.456149,-2.521686,-0.134440,-0.309758,-0.941263,Fall
16.58,0.020000,-1.623100,-2.051914,-8.983473,-0.656235,0.466905,-2.498633,-0.653711,0.461617,-2.507251,-0.152592,-0.236116,-0.959669,Fall
16.6,0.020000,-1.361066,-1.365891,-8.991860,-0.650396,0.465283,-2.486790,-0.656235,0.466905,-2.498633,-0.168502,-0.130969,-0.976962,Fall
16.62,0.019999,-2.052910,-0.439331,-9.424406,-0.656073,0.463749,-2.482431,-0.650396,0.465283,-2.486790,-0.180330,-0.036965,-0.982911,Fall
16.64,0.020000,-2.055139,-0.674187,-8.126910,-0.658357,0.475866,-2.454359,-0.656073,0.463749,-2.482431,-0.197854,-0.130483,-0.971508,Fall
16.66,0.020000,-2.254857,-2.848063,-9.436273,-0.675432,0.444507,-2.450591,-0.658357,0.475866,-2.454359,-0.142826,-0.130494,-0.981108,Fall
16.68,0.020000,-1.221119,1.581022,-9.386524,-0.679516,0.452565,-2.444606,-0.675432,0.444507,-2.450591,-0.103663,0.120098,-0.987335,Fall
16.7,0.019999,-0.817329,1.343179,-9.710265,-0.675132,0.462065,-2.444484,-0.679516,0.452565,-2.444606,-0.105662,0.088493,-0.990457,Fall
16.72,0.020000,-0.899561,0.173831,-9.400681,-0.680278,0.448177,-2.437490,-0.675132,0.462065,-2.444484,-0.065470,0.088506,-0.993922,Fall
16.74,0.020000,0.045356,1.993940,-9.446274,-0.672414,0.464610,-2.431746,-0.680278,0.448177,-2.437490,-0.035454,0.119502,-0.992201,Fall
16.76,0.020000,-0.899838,-0.566136,-10.036180,-0.685725,0.436219,-2.437069,-0.672414,0.464610,-2.431746,-0.023888,0.086990,-0.995923,Fall
16.78,0.019999,-0.091479,1.638578,-9.577225,-0.683245,0.436203,-2.435221,-0.685725,0.436219,-2.437069,-0.021967,0.167110,-0.985694,Fall
16.8,0.020000,-0.224147,2.082019,-9.617088,-0.684500,0.432873,-2.436613,-0.683245,0.436203,-2.435221,-0.016448,0.229207,-0.973239,Fall
16.82,0.020000,0.004524,2.678060,-9.555193,-0.683471,0.430686,-2.439606,-0.684500,0.432873,-2.436613,-0.004785,0.284140,-0.958771,Fall
16.84,0.020000,0.089762,3.098287,-9.512296,-0.680620,0.430536,-2.443748,-0.683471,0.430686,-2.439606,-0.005380,0.316594,-0.948546,Fall
16.86,0.019999,-0.165442,3.381384,-9.761662,-0.678544,0.435984,-2.452971,-0.680620,0.430536,-2.443748,-0.027448,0.316917,-0.948056,Fall
16.88,0.020000,-0.201692,3.229084,-9.436654,-0.673481,0.434866,-2.457056,-0.678544,0.435984,-2.452971,-0.046363,0.334863,-0.941125,Fall
16.9,0.020000,-0.891725,3.798468,-8.913141,-0.680489,0.435149,-2.454628,-0.673481,0.434866,-2.457056,-0.055182,0.385757,-0.920949,Fall
16.92,0.020000,-1.539792,3.750708,-8.446243,-0.699573,0.425979,-2.446719,-0.680489,0.435149,-2.454628,-0.059695,0.429072,-0.901296,Fall
16.94,0.020000,-0.567237,4.111900,-8.885160,-0.699443,0.421431,-2.448835,-0.699573,0.425979,-2.446719,-0.058486,0.442336,-0.894940,Fall
16.96,0.019999,-0.819169,3.795291,-8.961041,-0.703592,0.413162,-2.451252,-0.699443,0.421431,-2.448835,-0.062354,0.429027,-0.901137,Fall
16.98,0.020000,-0.541813,4.381470,-8.614863,-0.701271,0.421355,-2.444633,-0.703592,0.413162,-2.451252,-0.067061,0.404876,-0.911909,Fall
17,0.020000,-0.669392,3.466372,-9.412772,-0.698493,0.423441,-2.449281,-0.701271,0.421355,-2.444633,-0.082393,0.342721,-0.935817,Fall
17.02,0.020000,-0.538840,3.172405,-9.506656,-0.693402,0.437650,-2.450158,-0.698493,0.423441,-2.449281,-0.080879,0.250966,-0.964611,Fall
17.04,0.019999,-0.745640,1.634534,-9.634346,-0.694208,0.437331,-2.449956,-0.693402,0.437650,-2.450158,-0.071896,0.168243,-0.983120,Fall
17.06,0.020000,-0.627723,1.416765,-9.776138,-0.692767,0.445316,-2.450840,-0.694208,0.437331,-2.449956,-0.071334,0.103724,-0.992045,Fall
17.08,0.020000,-1.082248,0.382702,-9.793459,-0.700240,0.443400,-2.451256,-0.692767,0.445316,-2.450840,-0.072232,0.048775,-0.996195,Fall
17.1,0.020000,-0.744187,0.127379,-9.753420,-0.700276,0.446947,-2.450689,-0.700240,0.443400,-2.451256,-0.075676,-0.005089,-0.997120,Fall
17.12,0.019999,-0.766996,-0.867078,-9.957620,-0.699920,0.440971,-2.454601,-0.700276,0.446947,-2.450689,-0.080001,-0.057929,-0.995110,Fall
17.14,0.020000,-0.565552,-0.229681,-9.723408,-0.696523,0.455230,-2.454331,-0.699920,0.440971,-2.454601,-0.074963,-0.096087,-0.992546,Fall
17.16,0.020000,-0.608480,-1.155045,-9.714398,-0.696367,0.454761,-2.454119,-0.696523,0.455230,-2.454331,-0.062822,-0.115352,-0.991336,Fall
17.18,0.020000,-0.550940,-1.258354,-9.714769,-0.694645,0.454530,-2.454223,-0.696367,0.454761,-2.454119,-0.064939,-0.127094,-0.989763,Fall
17.2,0.019999,-0.544520,-1.329889,-9.720683,-0.692758,0.453621,-2.454546,-0.694645,0.454530,-2.454223,-0.065124,-0.130934,-0.989250,Fall
17.22,0.020000,-0.642813,-1.176245,-9.730041,-0.693202,0.455576,-2.455005,-0.692758,0.453621,-2.454546,-0.063263,-0.129866,-0.989511,Fall
17.24,0.020000,-0.496262,-1.358002,-9.740001,-0.690597,0.453156,-2.455575,-0.693202,0.455576,-2.455005,-0.063866,-0.126094,-0.989960,Fall
17.26,0.020000,-0.573323,-0.954046,-9.632565,-0.689916,0.458530,-2.453935,-0.690597,0.453156,-2.455575,-0.061913,-0.124643,-0.990268,Fall
17.28,0.019999,-0.624470,-1.475995,-9.795372,-0.690256,0.453005,-2.455495,-0.689916,0.458530,-2.453935,-0.061925,-0.122297,-0.990560,Fall
17.3,0.020000,-0.610528,-0.907518,-9.650455,-0.690172,0.458472,-2.454119,-0.690256,0.453005,-2.455495,-0.062663,-0.120373,-0.990749,Fall
17.32,0.020000,-0.789997,-1.317798,-9.718263,-0.693990,0.455458,-2.454046,-0.690172,0.458472,-2.454119,-0.061067,-0.118971,-0.991018,Fall
17.34,0.020000,-0.540630,-0.988572,-9.857293,-0.692609,0.458133,-2.456662,-0.693990,0.455458,-2.454046,-0.062153,-0.114404,-0.991488,Fall
17.36,0.019999,-0.549471,-0.980991,-9.804264,-0.691782,0.460379,-2.458128,-0.692609,0.458133,-2.456662,-0.060226,-0.111448,-0.991944,Fall
17.38,0.020000,-0.699771,-1.166535,-9.705695,-0.693554,0.458257,-2.457575,-0.691782,0.460379,-2.458128,-0.062297,-0.108097,-0.992187,Fall
17.4,0.020000,-0.534315,-0.952280,-9.798349,-0.691936,0.459711,-2.458804,-0.693554,0.458257,-2.457575,-0.062714,-0.104486,-0.992547,Fall
17.42,0.020000,-0.685747,-1.009403,-9.745614,-0.694202,0.458878,-2.458809,-0.691936,0.459711,-2.458804,-0.058352,-0.098650,-0.993410,Fall
17.44,0.020000,-0.597729,-1.179631,-9.845545,-0.694173,0.453841,-2.460768,-0.694202,0.458878,-2.458809,-0.061083,-0.094576,-0.993642,Fall
17.46,0.019999,-0.639725,-0.888153,-9.740680,-0.694228,0.454260,-2.460641,-0.694173,0.453841,-2.460768,-0.064931,-0.092668,-0.993578,Fall
17.48,0.020000,-0.459997,-0.861877,-9.690353,-0.690887,0.454552,-2.459436,-0.694228,0.454260,-2.460641,-0.063916,-0.089349,-0.993947,Fall
17.5,0.020000,-0.628689,-0.846178,-9.751970,-0.690978,0.454373,-2.459390,-0.690887,0.454552,-2.459436,-0.063626,-0.085345,-0.994318,After_fall
17.52,0.020000,-0.750173,-0.830651,-9.665980,-0.693456,0.453662,-2.457557,-0.690978,0.454373,-2.459390,-0.063841,-0.081047,-0.994664,After_fall
17.54,0.019999,-0.697108,-0.848733,-9.752769,-0.694313,0.452208,-2.457465,-0.693456,0.453662,-2.457557,-0.066691,-0.079108,-0.994633,After_fall
17.56,0.020000,-0.695713,-0.766549,-9.801192,-0.694586,0.452111,-2.458358,-0.694313,0.452208,-2.457465,-0.069527,-0.077645,-0.994554,After_fall
17.58,0.020000,-0.687609,-0.746855,-9.755282,-0.694671,0.452043,-2.458305,-0.694586,0.452111,-2.458358,-0.069659,-0.075781,-0.994688,After_fall
17.6,0.020000,-0.677811,-0.755487,-9.831580,-0.694503,0.451611,-2.459769,-0.694671,0.452043,-2.458305,-0.069951,-0.074812,-0.994741,After_fall
17.62,0.019999,-0.695785,-0.735786,-9.674611,-0.694676,0.451592,-2.458096,-0.694503,0.451611,-2.459769,-0.070044,-0.074906,-0.994728,After_fall
17.64,0.020000,-0.674129,-0.775238,-9.687045,-0.694378,0.451039,-2.456693,-0.694676,0.451592,-2.458096,-0.070239,-0.076206,-0.994615,After_fall
17.66,0.020000,-0.689791,-0.790639,-9.718513,-0.694271,0.450594,-2.455961,-0.694378,0.451039,-2.456693,-0.070861,-0.078330,-0.994406,After_fall
17.68,0.020000,-0.704187,-0.808675,-9.756648,-0.694303,0.450314,-2.456044,-0.694271,0.450594,-2.455961,-0.071620,-0.081003,-0.994137,After_fall
17.7,0.019999,-0.677567,-0.755412,-9.751111,-0.694046,0.451453,-2.456028,-0.694303,0.450314,-2.456044,-0.070376,-0.082811,-0.994077,After_fall
17.72,0.020000,-0.525725,-0.809486,-9.776584,-0.690694,0.451981,-2.456566,-0.694046,0.451453,-2.456028,-0.070676,-0.085207,-0.993853,After_fall
17.74,0.020000,-0.714900,-0.739605,-9.787441,-0.691143,0.454312,-2.457355,-0.690694,0.451981,-2.456566,-0.070584,-0.087273,-0.993681,After_fall
17.76,0.020000,-0.712024,-0.829934,-9.788165,-0.691891,0.455014,-2.458148,-0.691143,0.454312,-2.457355,-0.068770,-0.088181,-0.993728,After_fall
17.78,0.019999,-0.693777,-0.868043,-9.758190,-0.692219,0.455223,-2.458371,-0.691891,0.455014,-2.458148,-0.069051,-0.089548,-0.993586,After_fall
17.8,0.020000,-0.683686,-0.885296,-9.743679,-0.692341,0.455239,-2.458317,-0.692219,0.455223,-2.458371,-0.069071,-0.090327,-0.993514,After_fall
17.82,0.020000,-0.741944,-0.979839,-9.720864,-0.693677,0.453404,-2.457807,-0.692341,0.455239,-2.458317,-0.068822,-0.090530,-0.993513,After_fall
17.84,0.020000,-0.733863,-0.970773,-9.721945,-0.694961,0.451685,-2.457305,-0.693677,0.453404,-2.457807,-0.068265,-0.090194,-0.993582,After_fall
17.86,0.019999,-0.657460,-0.922443,-9.753119,-0.694805,0.450898,-2.457417,-0.694961,0.451685,-2.457305,-0.067814,-0.090024,-0.993628,After_fall
17.88,0.020000,-0.667678,-0.866762,-9.742038,-0.694914,0.451134,-2.457296,-0.694805,0.450898,-2.457417,-0.067503,-0.089554,-0.993692,After_fall
17.9,0.020000,-0.619184,-0.777990,-9.666898,-0.694081,0.452864,-2.455645,-0.694914,0.451134,-2.457296,-0.067364,-0.088128,-0.993829,After_fall
17.92,0.020000,-0.612268,-0.792380,-9.754008,-0.693321,0.453611,-2.455661,-0.694081,0.452864,-2.455645,-0.066288,-0.084576,-0.994210,After_fall
17.94,0.020000,-0.681397,-0.783052,-9.714401,-0.694246,0.454457,-2.454858,-0.693321,0.453611,-2.455661,-0.064742,-0.084137,-0.994349,After_fall
17.96,0.019999,-0.679221,-0.929464,-9.745457,-0.695051,0.452312,-2.454675,-0.694246,0.454457,-2.454858,-0.065137,-0.083813,-0.994350,After_fall
17.98,0.020000,-0.642565,-0.797167,-9.725203,-0.694803,0.452485,-2.454082,-0.695051,0.452312,-2.454675,-0.066766,-0.082143,-0.994382,After_fall
18,0.020000,-0.668973,-0.839641,-9.753309,-0.694814,0.451963,-2.454081,-0.694803,0.452485,-2.454082,-0.068134,-0.082930,-0.994224,After_fall
18.02,0.020000,-0.544683,-0.656865,-9.921426,-0.692609,0.455145,-2.457429,-0.694814,0.451963,-2.454081,-0.066760,-0.083172,-0.994296,After_fall
18.04,0.019999,-0.667399,-1.058085,-9.835575,-0.692451,0.449891,-2.459053,-0.692609,0.455145,-2.457429,-0.068842,-0.081081,-0.994327,After_fall
18.06,0.020000,-0.718985,-0.529321,-9.611589,-0.693372,0.455514,-2.456219,-0.692451,0.449891,-2.459053,-0.068596,-0.082615,-0.994218,After_fall
18.08,0.020000,-0.671218,-1.237807,-9.854897,-0.693197,0.446928,-2.458258,-0.693372,0.455514,-2.456219,-0.069314,-0.082418,-0.994185,After_fall
18.1,0.020000,-0.723347,-0.576909,-9.670744,-0.693615,0.451307,-2.456625,-0.693197,0.446928,-2.458258,-0.071606,-0.081124,-0.994129,After_fall
18.12,0.019999,-0.588002,-0.773042,-9.781662,-0.691698,0.452242,-2.457223,-0.693615,0.451307,-2.456625,-0.069707,-0.083569,-0.994061,After_fall
18.14,0.020000,-0.659040,-0.761422,-9.745522,-0.691095,0.453428,-2.457108,-0.691698,0.452242,-2.457223,-0.070258,-0.083664,-0.994014,After_fall
18.16,0.020000,-0.690629,-0.806166,-9.745394,-0.691258,0.453756,-2.456984,-0.691095,0.453428,-2.457108,-0.069570,-0.083846,-0.994047,After_fall
18.18,0.020000,-0.668812,-0.853971,-9.761729,-0.690926,0.453126,-2.457191,-0.691258,0.453756,-2.456984,-0.069864,-0.083841,-0.994027,After_fall
18.2,0.019999,-0.802748,-0.713989,-9.736992,-0.693206,0.455298,-2.456907,-0.690926,0.453126,-2.457191,-0.070209,-0.083855,-0.994002,After_fall
18.22,0.020000,-0.735514,-0.765632,-9.746959,-0.694293,0.456347,-2.456805,-0.693206,0.455298,-2.456907,-0.069434,-0.083391,-0.994095,After_fall
18.24,0.020000,-0.679217,-0.821634,-9.753295,-0.694314,0.456289,-2.456826,-0.694293,0.456347,-2.456805,-0.069134,-0.083459,-0.994110,After_fall
18.26,0.020000,-0.651918,-0.921762,-9.866815,-0.693801,0.454279,-2.459122,-0.694314,0.456289,-2.456826,-0.069067,-0.083718,-0.994093,After_fall
18.28,0.019999,-0.657141,-0.871172,-9.810331,-0.693470,0.453366,-2.460289,-0.693801,0.454279,-2.459122,-0.068672,-0.084152,-0.994084,After_fall
18.3,0.020000,-0.674633,-0.845354,-9.752474,-0.693493,0.453133,-2.460313,-0.693470,0.453366,-2.460289,-0.068654,-0.084982,-0.994014,After_fall
18.32,0.020000,-0.672154,-0.825080,-9.752550,-0.693482,0.453405,-2.460346,-0.693493,0.453133,-2.460313,-0.068572,-0.085496,-0.993976,After_fall
18.34,0.020000,-0.801263,-0.882761,-9.703815,-0.696108,0.452568,-2.459404,-0.693482,0.453405,-2.460346,-0.068295,-0.085720,-0.993976,After_fall
18.36,0.019999,-0.669126,-0.840723,-9.748960,-0.696099,0.452647,-2.459371,-0.696108,0.452568,-2.459404,-0.068256,-0.086101,-0.993946,After_fall
18.38,0.020000,-0.693935,-0.844205,-9.720954,-0.696580,0.452669,-2.458780,-0.696099,0.452647,-2.459371,-0.068288,-0.086166,-0.993938,After_fall
18.4,0.020000,-0.694106,-0.832134,-9.717017,-0.697089,0.452930,-2.458107,-0.696580,0.452669,-2.458780,-0.068159,-0.086159,-0.993947,After_fall
18.42,0.020000,-0.691398,-0.842608,-9.725875,-0.697561,0.452930,-2.457607,-0.697089,0.452930,-2.458107,-0.068074,-0.085890,-0.993976,After_fall
18.44,0.020000,-0.576689,-0.753712,-9.724917,-0.695709,0.454649,-2.457084,-0.697561,0.452930,-2.457607,-0.068222,-0.085592,-0.993992,After_fall
18.46,0.019999,-0.577160,-0.748515,-9.719515,-0.693884,0.456454,-2.456450,-0.695709,0.454649,-2.457084,-0.068136,-0.085505,-0.994005,After_fall
18.48,0.020000,-0.668886,-0.838788,-9.751533,-0.693885,0.456390,-2.456452,-0.693884,0.456454,-2.456450,-0.068181,-0.085177,-0.994030,After_fall
18.5,0.020000,-0.624591,-0.788973,-9.735873,-0.692983,0.457264,-2.456137,-0.693885,0.456390,-2.456452,-0.068266,-0.084876,-0.994050,After_fall
18.52,0.020000,-0.670333,-0.829763,-9.751395,-0.693005,0.457281,-2.456128,-0.692983,0.457264,-2.456137,-0.068220,-0.084671,-0.994071,After_fall
18.54,0.019999,-0.685822,-0.908720,-9.754212,-0.693355,0.455716,-2.456174,-0.693005,0.457281,-2.456128,-0.068124,-0.084658,-0.994079,After_fall
18.56,0.020000,-0.682372,-0.909046,-9.755607,-0.693676,0.454157,-2.456247,-0.693355,0.455716,-2.456174,-0.067926,-0.084716,-0.994087,After_fall
18.58,0.020000,-0.670766,-0.852890,-9.752534,-0.693780,0.453788,-2.456262,-0.693676,0.454157,-2.456247,-0.067844,-0.085062,-0.994063,After_fall
18.6,0.020000,-0.661117,-0.828614,-9.758421,-0.693706,0.453901,-2.456394,-0.693780,0.453788,-2.456262,-0.067769,-0.085040,-0.994070,After_fall
18.62,0.019999,-0.693092,-0.829122,-9.869290,-0.694251,0.454104,-2.458753,-0.693706,0.453901,-2.456394,-0.067872,-0.085557,-0.994019,After_fall
18.64,0.020000,-0.667903,-0.848356,-9.749959,-0.694245,0.454102,-2.458745,-0.694251,0.454104,-2.458753,-0.068116,-0.086467,-0.993923,After_fall
18.66,0.020000,-0.674240,-0.843429,-9.764818,-0.694361,0.454180,-2.459032,-0.694245,0.454102,-2.458745,-0.068137,-0.086374,-0.993930,After_fall
18.68,0.020000,-0.667968,-0.837802,-9.745930,-0.694411,0.454388,-2.458939,-0.694361,0.454180,-2.459032,-0.067839,-0.086463,-0.993943,After_fall
18.7,0.019999,-0.632456,-0.893822,-9.815475,-0.693735,0.453485,-2.460238,-0.694411,0.454388,-2.458939,-0.067913,-0.086509,-0.993934,After_fall
18.72,0.020000,-0.637110,-0.845188,-9.784298,-0.693221,0.453553,-2.460910,-0.693735,0.453485,-2.460238,-0.067564,-0.086501,-0.993958,After_fall
18.74,0.020000,-0.669354,-0.884966,-9.747622,-0.693334,0.452960,-2.460861,-0.693221,0.453553,-2.460910,-0.067656,-0.087189,-0.993892,After_fall
18.76,0.020000,-0.496106,-0.899952,-9.556361,-0.689857,0.452033,-2.456992,-0.693334,0.452960,-2.460861,-0.068294,-0.087017,-0.993863,After_fall
18.78,0.019999,-0.674542,-0.863931,-9.748479,-0.689913,0.451755,-2.456962,-0.689857,0.452033,-2.456992,-0.068474,-0.086648,-0.993883,After_fall
18.8,0.020000,-0.670533,-0.840540,-9.751456,-0.689873,0.451979,-2.456995,-0.689913,0.451755,-2.456962,-0.068556,-0.086824,-0.993862,After_fall
18.82,0.020000,-0.910212,-0.661030,-9.688455,-0.694542,0.455806,-2.455775,-0.689873,0.451979,-2.456995,-0.068986,-0.086886,-0.993827,After_fall
18.84,0.020000,-0.647647,-0.781134,-9.754956,-0.694157,0.457027,-2.455854,-0.694542,0.455806,-2.455775,-0.067985,-0.085853,-0.993986,After_fall
18.86,0.019999,-0.731605,-1.269712,-9.841112,-0.695225,0.448663,-2.457688,-0.694157,0.457027,-2.455854,-0.069129,-0.086794,-0.993825,After_fall
18.88,0.020000,-0.657219,-0.747634,-9.779529,-0.694607,0.450842,-2.458313,-0.695225,0.448663,-2.457688,-0.070145,-0.087320,-0.993708,After_fall
18.9,0.020000,-0.664836,-0.834089,-9.763882,-0.694407,0.451100,-2.458590,-0.694607,0.450842,-2.458313,-0.068791,-0.086339,-0.993888,After_fall
18.92,0.020000,-0.639179,-0.769174,-9.772083,-0.693865,0.452263,-2.458985,-0.694407,0.451100,-2.458590,-0.067919,-0.084334,-0.994120,After_fall
18.94,0.019999,-0.868290,-0.876203,-9.674149,-0.697735,0.451688,-2.457468,-0.693865,0.452263,-2.458985,-0.068787,-0.086383,-0.993884,After_fall
18.96,0.020000,-0.659148,-0.803504,-9.772932,-0.697247,0.452886,-2.457967,-0.697735,0.451688,-2.457468,-0.069676,-0.088015,-0.993679,After_fall
18.98,0.020000,-0.717025,-0.822735,-9.737213,-0.698160,0.453158,-2.457687,-0.697247,0.452886,-2.457967,-0.068441,-0.085256,-0.994006,After_fall
19,0.020000,-0.670154,-0.836994,-9.755383,-0.698131,0.453228,-2.457778,-0.698160,0.453158,-2.457687,-0.068460,-0.085674,-0.993968,After_fall
19.02,0.020000,-0.552299,-0.926439,-9.772630,-0.695757,0.451543,-2.458217,-0.698131,0.453228,-2.457778,-0.068398,-0.085853,-0.993957,After_fall
19.04,0.019999,-0.668798,-0.847163,-9.751816,-0.695703,0.451473,-2.458242,-0.695757,0.451543,-2.458217,-0.068451,-0.085997,-0.993941,After_fall
19.06,0.020000,-0.672746,-0.844216,-9.750793,-0.695723,0.451459,-2.458246,-0.695703,0.451473,-2.458242,-0.068477,-0.085986,-0.993940,After_fall
19.08,0.020000,-0.593604,-0.804785,-9.832827,-0.694185,0.452188,-2.459886,-0.695723,0.451459,-2.458246,-0.068349,-0.085756,-0.993969,After_fall
19.1,0.020000,-0.652411,-0.832725,-9.771051,-0.693848,0.452316,-2.460285,-0.694185,0.452188,-2.459886,-0.068219,-0.085537,-0.993997,After_fall
19.12,0.019999,-0.667868,-0.837615,-9.750459,-0.693825,0.452340,-2.460271,-0.693848,0.452316,-2.460285,-0.068201,-0.085503,-0.994001,After_fall
19.14,0.020000,-0.670338,-0.839703,-9.751591,-0.693860,0.452337,-2.460281,-0.693825,0.452340,-2.460271,-0.068154,-0.085583,-0.993997,After_fall
19.16,0.020000,-0.733936,-0.737313,-9.659678,-0.695225,0.454361,-2.458446,-0.693860,0.452337,-2.460281,-0.067854,-0.085474,-0.994027,After_fall
19.18,0.020000,-0.694237,-0.811254,-9.713457,-0.695831,0.454942,-2.457688,-0.695225,0.454361,-2.458446,-0.067681,-0.085661,-0.994023,After_fall
19.2,0.019999,-0.660208,-0.827656,-9.751323,-0.695810,0.455262,-2.457689,-0.695831,0.454942,-2.457688,-0.067407,-0.085997,-0.994013,After_fall
19.22,0.020000,-0.618465,-0.949090,-9.698431,-0.694920,0.453169,-2.456636,-0.695810,0.455262,-2.457689,-0.067583,-0.086082,-0.993993,After_fall
19.24,0.020000,-0.631418,-0.799998,-9.700346,-0.694212,0.454047,-2.455626,-0.694920,0.453169,-2.456636,-0.067971,-0.086020,-0.993972,After_fall
19.26,0.020000,-0.638738,-0.817759,-9.698312,-0.693637,0.454587,-2.454577,-0.694212,0.454047,-2.455626,-0.068044,-0.086113,-0.993959,After_fall
19.28,0.019999,-0.664405,-0.844192,-9.754202,-0.693530,0.454589,-2.454649,-0.693637,0.454587,-2.454577,-0.068271,-0.086066,-0.993948,After_fall
19.3,0.020000,-0.656972,-0.828831,-9.724671,-0.693264,0.454877,-2.454129,-0.693530,0.454589,-2.454649,-0.068325,-0.085957,-0.993953,After_fall
19.32,0.020000,-0.662002,-0.824635,-9.756368,-0.693144,0.455159,-2.454232,-0.693264,0.454877,-2.454129,-0.068091,-0.085495,-0.994009,After_fall
19.34,0.020000,-0.812410,-0.956360,-9.775826,-0.695986,0.452933,-2.454738,-0.693144,0.455159,-2.454232,-0.068329,-0.086146,-0.993937,After_fall
19.36,0.019999,-0.723231,-0.856916,-9.791123,-0.697066,0.452543,-2.455535,-0.695986,0.452933,-2.454738,-0.068221,-0.085360,-0.994012,After_fall
19.38,0.020000,-0.700904,-0.894435,-9.720943,-0.697642,0.451634,-2.454953,-0.697066,0.452543,-2.455535,-0.068514,-0.086546,-0.993889,After_fall
19.4,0.020000,-0.481567,-0.706057,-9.908360,-0.693762,0.454728,-2.458144,-0.697642,0.451634,-2.454953,-0.068863,-0.087740,-0.993760,After_fall
19.42,0.020000,-0.638661,-0.831189,-9.772459,-0.693120,0.455084,-2.458591,-0.693762,0.454728,-2.458144,-0.068378,-0.086547,-0.993899,After_fall
19.44,0.019999,-0.665949,-0.841909,-9.757111,-0.693022,0.455258,-2.458733,-0.693120,0.455084,-2.458591,-0.068383,-0.086705,-0.993884,After_fall
19.46,0.020000,-0.671153,-0.850475,-9.746773,-0.693056,0.455197,-2.458661,-0.693022,0.455258,-2.458733,-0.068243,-0.086385,-0.993922,After_fall
19.48,0.020000,-0.667602,-0.844601,-9.754268,-0.693021,0.455259,-2.458739,-0.693056,0.455197,-2.458661,-0.068230,-0.086413,-0.993920,After_fall
